date,PRO28840_org,PRO281000_org,PRO28756_org,PRO28826_org,PRO28380_org,PRO28392_org,PRO28250_org,PRO28276_org,PRO27840_org,PRO271000_org,PRO27756_org,PRO27826_org,PRO27380_org,PRO27392_org,PRO27250_org,PRO27276_org
2004-02-01,102.4917221069336,97.59737396240234,97.1,106.19197683331916,116.7902755737305,110.89003378095128,118.2741088867188,80.82901000976562,117.72399139404297,,81.1,120.70651631573695,141.5108642578125,106.16126189626532,102.0770568847656,85.91320037841797
2004-03-01,105.62747955322266,113.22489166259766,91.19511622446583,121.62507452516822,139.2883911132813,141.17685267910332,148.1218414306641,102.1301040649414,119.22077941894531,,76.6903073286052,138.30954994511524,152.8802337646484,140.28874140734456,117.2256851196289,97.67081451416016
2004-04-01,103.48495483398438,100.1690902709961,93.79353525866792,104.96550549356955,125.2895660400391,105.64876459622158,125.4822311401367,90.96142578125,117.44112396240234,,71.55240346729708,115.55732960782356,137.796875,106.27119658098745,105.3357772827148,87.25398254394531
2004-05-01,103.6439437866211,99.58143615722656,96.39195429287,105.88535899838175,131.9889984130859,101.99036082339268,116.6497497558594,88.08290100097656,117.89921569824219,,66.41449960598896,119.26953397864483,143.8605346679688,101.60871032387782,96.61650848388672,84.67555236816406
2004-06-01,106.06266784667969,109.2777099609375,98.99037332707209,118.25227834085685,132.9889221191406,122.13657530051456,143.2487335205078,100.9786987304688,119.49910736083984,,61.27659574468085,128.84941622592555,144.3153076171875,116.6552481871705,118.4587097167969,95.40180206298828
2004-07-01,99.11801147460938,102.11033630371094,96.39195429287001,108.95153734775573,135.5887145996094,118.88082469883825,122.0304641723633,95.68221282958984,115.27733612060547,,63.54609929078014,119.26953397864483,151.2885284423828,116.63111453670186,109.9155960083008,91.48258972167969
2004-08-01,100.78627014160156,90.88539123535156,93.79353525866793,97.09564773017631,53.49554443359375,109.8585836358753,79.49239349365234,83.24697875976562,119.79934692382812,,65.81560283687944,112.92286198982136,56.46791076660156,98.87313572824094,78.56146240234375,81.99398803710938
2004-09-01,102.90653991699219,108.07749938964844,91.19511622446583,114.77727621156633,120.5899505615234,129.96067077090171,136.4467010498047,103.9723739624023,121.15492248535156,,68.08510638297872,130.52589561919967,153.7897796630859,114.66994321757088,120.8366928100586,98.49591827392578
2004-10-01,103.90728759765625,101.63997650146484,98.05118572434844,108.13388978792267,126.5894546508789,108.5344103542749,120.9137115478516,93.95509338378906,123.39698791503906,,64.33412135539795,125.97545155174134,148.4840698242188,97.55712608051881,117.7541198730469,92.7202377319336
2004-11-01,101.9659652709961,103.84331512451172,104.90725522423105,112.22212758708798,124.1896514892578,117.23088572695235,117.5634536743164,96.94876098632812,124.74683380126953,,60.583136327817186,132.56162059674682,143.7089538574219,103.85202595666931,109.5633010864258,97.46454620361328
2004-12-01,97.6984634399414,106.79949188232422,111.76332472411366,105.68094710842348,132.888916015625,119.33459498307424,132.1827545166016,109.7294235229492,121.30326843261719,,56.83215130023641,110.28839437181917,108.6912536621094,103.51361479639176,107.713752746582,88.801025390625
2005-01-01,103.56842041015625,88.43645477294922,103.43586131329735,95.97138233540586,102.4914627075195,108.97420109653504,114.3147201538086,76.45365905761719,120.28410339355469,90.78851318359375,61.938534278959814,108.01317233809,115.5886764526367,95.33261106774276,102.5174255371094,84.77867889404297
2005-02-01,107.60734558105469,94.5674819946289,95.10839790248104,106.60080061323569,117.3902206420898,117.08254725376428,120.4060974121094,84.51353454589844,121.8948974609375,94.11626434326172,67.04491725768321,120.10777367528189,125.8969192504883,105.1996962535377,100.4036636352539,87.25398254394531
2005-03-01,110.8572769165039,109.51142120361328,86.78093449166472,118.86551401073164,136.6886138916016,152.68709919502902,144.6700592041016,103.5118026733398,121.54467010498047,104.53917694091797,72.15130023640661,127.65193094501545,137.1147003173828,134.48454783960372,113.6146697998047,93.02964782714844
2005-04-01,111.61933135986328,100.9970474243164,90.19331611489396,109.56477301763054,129.0892486572266,114.08372368870454,130.0507507324219,96.8336181640625,119.89176177978516,98.24811553955078,68.62096138691882,121.30525895619198,130.5204620361328,105.83250419617521,103.3981628417969,94.37042999267578
2005-05-01,110.79230499267578,98.75516510009766,93.6056977381232,107.11183033813134,139.1884002685547,108.75681215843598,124.9746170043945,90.04029846191406,119.6816635131836,96.25533294677734,65.09062253743105,120.70651631573695,140.3739166259766,101.46232201327301,96.79265594482422,84.88182830810547
2005-06-01,113.0478515625,107.79716491699219,97.01807936135242,118.86551401073164,127.5893707275391,125.98024330639703,147.5126953125,111.3413925170898,121.07222747802734,103.88318634033203,61.56028368794326,125.97545155174134,129.1561279296875,119.63377944864399,121.1889877319336,101.6931686401367
2005-07-01,103.1003189086914,97.71728515625,95.17101040932926,104.35226982369474,131.4890441894531,118.13101290195229,120.7106628417969,95.22164154052734,116.23938751220703,97.89100646972656,63.89282899921198,116.15607224827859,144.6184997558594,111.325120522691,101.9009094238281,91.17317962646484
2005-08-01,105.0795669555664,90.59978485107422,93.32394145730609,102.41035686909123,57.89517974853516,116.49526528328428,80.20304870605469,87.50719451904297,121.22444915771484,91.64775848388672,66.22537431048069,124.77796627083124,56.77109909057617,98.5090045097017,78.2972412109375,87.56338500976562
2005-09-01,108.48211669921875,106.22817993164062,91.47687250528294,116.10595349629504,129.0892486572266,133.39250711847575,136.9543151855469,107.5417404174805,123.78284454345703,106.76960754394531,68.5579196217494,132.3221235405648,144.1637115478516,117.09876730207647,122.9504547119141,102.0025787353516
2005-10-01,110.56134033203125,100.1599349975586,98.2703294983173,106.19197683331916,123.6896896362305,115.3841035074471,121.8274154663086,94.18537902832031,125.53226470947266,103.94744873046875,65.40583136327817,125.01746332701327,144.6184997558594,102.75801213990125,120.5724639892578,95.40180206298828
2005-11-01,108.97329711914062,105.02566528320312,105.06378649135165,117.43463078102378,129.8891754150391,126.81110820524391,126.9035568237305,105.3540573120117,124.80286407470703,106.8885498046875,62.25374310480693,134.35784851811198,146.8165740966797,110.32605490000442,115.6403656005859,104.7872772216797
2005-12-01,105.5047378540039,106.14238739013672,111.85724348438602,103.94344604377824,114.3904724121094,130.7222733935956,139.4923858642578,119.8618316650391,120.0040512084961,99.11476135253906,59.10165484633569,113.28210757409438,103.3855438232422,111.93649508344379,115.5522842407227,90.55435943603516
2006-01-01,108.2918930053711,94.29122161865234,107.16130547076779,99.54859040967551,105.9911727905273,115.68275735874913,111.3705596923828,85.20437622070312,120.31907653808594,96.91307067871094,67.36012608353033,118.67079133818979,118.0899429321289,103.81823884601324,112.3816452026367,93.64846801757812
2006-02-01,111.26123809814453,100.77214050292969,102.46536745714955,105.27212332850695,129.2892303466797,126.4709393504985,124.7715759277344,90.8462905883789,120.84852600097656,99.20333862304688,75.61859732072497,118.67079133818979,131.5058135986328,114.79007141619721,108.1541213989258,91.58573150634766
2006-03-01,116.78363800048828,118.2287826538086,97.76942944353134,126.22434204922921,150.6874389648438,156.07283129558172,155.7360534667969,113.2987976074219,123.03336334228516,113.14690399169922,83.87706855791961,142.74024548448259,154.6235504150391,141.97752313307438,128.1467895507813,107.4688415527344
2006-04-01,114.44734191894531,102.54353332519531,99.83564216952337,102.51256281407035,118.7901077270508,122.47476725033411,128.8324890136719,92.8036880493164,119.46002197265625,99.28652954101562,79.52718676122932,118.43129428200778,122.4861068725586,111.24522632596478,103.5743103027344,90.55435943603516
2006-05-01,112.9784927368164,107.57514190673828,101.9018548955154,115.69712971637851,145.0879211425781,119.71649065250514,131.1675109863281,106.8508987426758,121.62132263183594,104.3648452758789,75.17730496453902,132.56162059674682,153.1834259033203,105.88077149711246,113.350456237793,100.7649307250977
2006-06-01,115.61251068115234,113.98514556884766,103.96806762150742,123.26036964483436,138.1884765625,142.47546740416203,151.1675109863281,109.499137878418,121.46229553222656,108.47694396972656,70.8274231678487,127.65193094501545,144.7700805664063,124.10960963989135,133.7834930419922,101.8994369506836
2006-07-01,111.16545104980469,105.77789306640625,103.15410503248025,112.42653947704626,136.7886047363281,129.56980842555706,127.0050811767578,101.7846908569336,119.44415283203125,102.70419311523438,76.21749408983452,118.43129428200778,150.6063690185547,113.20963796739645,109.2110061645508,96.02062225341797
2006-08-01,114.42916107177734,99.35655975341797,102.34014244345308,104.35226982369474,65.69452667236328,123.8448329677138,88.52792358398438,99.71215057373047,123.25554656982422,98.70700073242188,81.60756501182033,132.92086618101985,67.98888397216797,101.50255601517316,87.19265747070312,103.7559051513672
2006-09-01,117.52992248535156,114.55377960205078,101.52617985442592,119.68316157056469,133.2888946533203,145.54376505661685,142.9441680908203,112.1473846435547,122.60237884521484,111.69302368164062,86.99763593380615,135.43558527093103,151.5917053222656,120.98897674418998,125.9449462890625,105.0966873168945
2006-10-01,113.93307495117188,110.2762680053711,109.72841825154575,114.47065837662893,141.9881744384766,126.86420222325319,139.390869140625,107.5417404174805,124.21630859375,110.4366683959961,81.7966903073286,138.30954994511524,161.8999481201172,109.11673961470373,127.6183471679688,107.5719757080078
2006-11-01,112.38389587402344,112.72627258300781,117.93065664866558,118.45669023081511,138.0885009765625,130.96719779316223,132.3857879638672,118.9407043457031,124.23670959472656,112.52372741699219,76.59574468085106,142.14150284402754,154.6993408203125,112.80905312297456,126.4733810424805,115.2041244506836
2006-12-01,112.01680755615234,112.28165435791016,126.13289504578542,109.36036112767226,117.8901824951172,136.36598393823581,146.1928863525391,121.7040863037109,124.35979461669922,102.87449645996094,71.39479905437352,113.76110168645843,111.1167297363281,114.72732392497879,112.5577926635742,94.16415405273438
2007-01-01,112.44876861572266,103.63687133789062,119.46466306644754,110.9956562473384,122.1898193359375,122.01421900635228,121.0152282714844,99.48187255859375,122.15098571777344,102.34601593017578,80.53585500394011,123.34098393373914,127.5644302368164,103.70668400014075,114.6715545654297,103.5496292114258
2007-02-01,115.7760009765625,108.36723327636719,112.79643108710967,114.36845243164979,136.8885955810547,131.37662892406067,130.0507507324219,103.1663818359375,125.42213439941406,103.90409851074219,89.6769109535067,121.544756012374,135.2198028564453,112.20625191497564,116.8733901977539,101.7963027954102
2007-03-01,122.61421203613281,125.66688537597656,106.12819910777178,133.37875819776852,152.5872955322266,160.52016134133,160.7106628417969,122.9706420898438,128.11343383789062,117.4486083984375,98.81796690307328,141.54276020357247,144.3910980224609,137.346697525111,129.291748046875,114.9978485107422
2007-04-01,121.73631286621094,111.31861114501953,109.91625577209048,113.85742270675412,127.6893615722656,124.42512516720588,139.4923858642578,106.0449066162109,127.67153930664062,105.45221710205078,94.08983451536643,115.55732960782356,121.1217803955078,108.034505719633,115.1999893188477,99.73355865478516
2007-05-01,120.25753784179688,115.75555419921875,113.70431243640918,122.85154586491782,150.3874664306641,128.3478693701234,133.2994995117188,113.5290756225586,127.69993591308594,109.21548461914062,89.36170212765958,128.49017064165253,145.9070281982422,106.94744509446848,112.4697189331055,103.5496292114258
2007-06-01,121.7462387084961,121.31034088134766,117.49236910072787,127.24640149902054,144.0879974365234,142.1121405202849,157.2588806152344,119.6315536499023,129.71331787109375,113.55255889892578,84.63356973995272,132.3221235405648,141.8898468017578,118.22174149940685,135.2807312011719,107.262565612793
2007-07-01,115.10660552978516,115.31127166748047,115.58268764185647,122.85154586491782,143.1880645751953,136.12783749841512,139.5939178466797,118.5952835083008,125.84308624267578,111.33866882324219,89.86603624901497,129.08891328210757,154.0929718017578,116.1345351441222,124.535774230957,110.0472717285156
2007-08-01,116.11487579345703,106.01004028320312,113.67300618298506,115.69712971637851,66.99441528320312,130.59970528819125,96.85279846191406,108.4628677368164,126.92735290527344,103.43685150146484,95.09850275807722,129.92715297874463,69.50479888916016,102.6984712176262,95.03118896484375,105.0966873168945
2007-09-01,121.04591369628906,118.78900146484375,111.76332472411366,125.40669448939614,134.1888122558594,141.7765609091174,145.2791900634766,120.322395324707,128.6006622314453,114.5890121459961,100.33096926713947,131.96287795629178,148.0293121337891,117.7476755961455,125.2403564453125,108.9127578735352
2007-10-01,119.00545501708984,120.3877182006836,119.62119433356814,128.370666893791,149.1875610351563,132.64707275392567,145.2791900634766,126.6551513671875,127.35542297363281,117.7772445678711,95.0669818754925,144.1772278215747,164.8559875488281,108.19112129749932,141.2697296142578,117.1637268066406
2007-11-01,117.93053436279297,119.85018157958984,127.47906394302262,130.9258155182693,137.0885772705078,133.51006235781801,142.4365539550781,128.7276916503906,127.55062103271484,116.05889892578125,89.80299448384554,149.9251571699431,139.0853881835938,113.60650994251549,130.6128387451172,117.0605926513672
2007-12-01,114.89923858642578,115.88432312011719,135.33693355247712,111.3022740822758,115.6903610229492,135.0354563193737,139.390869140625,127.9217071533203,129.14942932128906,104.86138916015625,84.53900709219859,118.43129428200778,99.9747314453125,112.44596825851158,108.9467849731445,92.20455169677734
2008-01-01,118.44125366210938,109.17211151123047,128.63739531971513,115.79933566135765,126.2894821166992,120.22314314350831,129.0355377197266,109.2688598632813,128.1132049560547,105.82939147949219,93.55397951142632,127.41243388883345,122.4103088378906,101.61573102219596,119.4275207519531,108.3970794677734
2008-02-01,119.06092071533203,115.63167572021484,121.93785708695313,121.11404480027257,140.2883148193359,138.1452689752719,143.6548156738281,115.9470367431641,126.88826751708984,109.40017700195312,102.56895193065405,129.92715297874463,130.0656890869141,114.33156581065059,126.9137573242188,112.4194259643555
2008-03-01,125.14867401123047,125.41309356689453,115.23831885419114,122.85154586491782,142.7881011962891,157.90739906679497,167.0050811767578,118.5952835083008,129.62652587890625,117.13711547851562,111.5839243498818,131.36413531583673,127.4886245727539,139.35670995225337,129.64404296875,107.1594314575195
2008-04-01,122.32600402832031,120.90210723876953,119.21421303905457,122.34051614002217,147.7876892089844,121.80099568934703,160.6091461181641,131.3759307861328,127.99844360351562,114.48605346679688,105.12214342001576,135.43558527093103,139.3885803222656,107.67196090888677,127.0899047851563,120.4641189575195
2008-05-01,118.81752014160156,116.28885650634766,123.190107223918,116.61698322119072,154.0871734619141,120.62078344859887,142.5380706787109,114.5653457641602,126.15445709228516,110.26708221435547,98.66036249014972,128.84941622592555,134.6892395019531,107.31694309681824,113.350456237793,104.9935531616211
2008-06-01,119.95543670654297,122.18849182128906,127.16600140878143,121.11404480027257,138.3884582519531,130.5759118253334,162.8426361083984,134.2544555664063,126.8582534790039,116.15281677246094,92.19858156028369,137.47131024847818,132.2637634277344,118.28448899062526,135.9853057861328,116.7511825561523
2008-07-01,111.80819702148438,116.16645050048828,123.19010722391799,121.62507452516822,148.9875946044922,125.73927271668217,138.2741088867188,127.4611358642578,120.84507751464844,114.05286407470703,98.81796690307328,136.87256760802313,155.3057098388672,115.91949250477167,127.2660522460938,115.7198104858398
2008-08-01,115.19717407226562,101.27748107910156,119.21421303905456,101.38829741929992,53.49554443359375,111.1699070354575,87.30964660644531,106.2751922607422,121.2288818359375,100.43734741210938,105.43735224586288,133.7591058776569,54.57301712036133,94.09646186338954,87.54495239257812,100.5586547851563
2008-09-01,113.83779907226562,120.30926513671875,115.23831885419114,120.90963291031429,131.7890167236328,138.40156057816233,148.2233581542969,129.4185485839844,118.05856323242188,117.20768737792969,112.05673758865248,148.72767188903302,140.9044952392578,119.24551457963612,131.4055023193359,118.0919647216797
2008-10-01,110.86312866210938,115.08177185058594,118.5254754637239,121.21625074525168,138.9884185791016,117.43627202800147,132.3857879638672,125.3886032104492,116.72317504882812,113.99568939208984,103.26241134751773,154.8348468216745,134.6134490966797,105.08226832349523,134.4880676269531,112.3162841796875
2008-11-01,106.72297668457031,106.72325897216797,121.81263207325665,107.41844817306874,116.9902496337891,107.27272138908165,122.4365463256836,119.5164108276367,113.37677001953125,105.56732940673828,94.46808510638297,142.74024548448259,116.5740280151367,96.68082141832791,111.2366943359375,101.6931686401367
2008-12-01,98.8113021850586,103.47013854980469,125.0997886827894,100.7750617494251,97.99183654785156,104.488886234711,135.0253753662109,132.6424865722656,109.1258544921875,95.77655792236328,85.67375886524822,130.52589561919967,78.37291717529297,97.53832546050339,108.1541213989258,81.78771209716797
2009-01-01,97.53205871582031,83.92754364013672,113.61039367613681,86.97725917724215,82.99308776855469,80.85534086459583,95.43147277832031,82.5561294555664,104.43391418457031,86.09165954589844,89.01497241922773,108.01317233809,87.08943939208984,76.78092206240102,93.35779571533203,79.82810974121094
2009-02-01,98.22360229492188,85.73954010009766,102.12099866948422,87.38608295715868,92.99225616455078,77.66821710534637,100.913703918457,87.50719451904297,100.86727142333984,85.11124420166016,92.35618597320725,114.95858696736852,88.37796783447266,75.50669907101478,93.44586944580078,80.65320587158203
2009-03-01,96.80228424072266,97.10963439941406,90.63160366283165,100.67285580444599,100.4916305541992,97.32634787701886,120.7106628417969,104.0875091552734,99.01258087158203,96.42356872558594,95.69739952718676,126.45444566410535,88.37796783447266,100.43476855702626,99.87522888183594,89.72926330566406
2009-04-01,92.29441833496094,84.2196044921875,91.00727870392112,86.67064134230475,89.89250946044922,65.63493802903167,100.0,85.43465423583984,94.91561889648438,86.91664123535156,88.54215918045705,114.35984432691346,79.20667266845703,77.00133148556205,92.47706604003906,78.59046173095703
2009-05-01,89.7646484375,82.07425689697266,91.38295374501058,80.43607869857765,86.59278106689453,64.08243222849256,88.42639923095703,84.62866973876953,94.83023071289062,85.22775268554688,81.38691883372734,105.37870472008781,81.1015625,74.56552045609564,82.52476501464844,76.4245834350586
2009-06-01,87.74664306640625,87.59241485595703,91.75862878610003,93.72285154586494,83.4930419921875,75.83760314398488,106.1929016113281,92.8036880493164,94.24797821044922,92.95313262939453,74.23167848699764,119.26953397864483,83.37544250488281,91.03104946022899,104.6311874389648,82.9222183227539
2009-07-01,83.19731140136719,82.89495849609375,88.7845347108085,86.56843539732563,94.49212646484375,70.61010168998895,89.03553009033203,86.70121765136719,91.53575134277344,91.93803405761719,83.71946414499605,111.48587965272925,105.6594161987305,89.47690987676398,95.82384490966797,87.66651916503906
2009-08-01,85.63086700439453,74.76097106933594,85.81044063551697,76.14342900945405,33.79718399047852,67.34976184473472,62.43655014038086,74.03569793701172,94.79146575927734,83.31017303466797,93.20724980299447,101.42700329308451,35.16927719116211,75.0943005515383,66.49540710449219,77.4559555053711
2009-09-01,85.15911102294922,89.84402465820312,82.83634656022542,88.20373051699175,91.19239807128906,82.87496105762061,103.9593887329102,102.4755325317383,94.40010070800781,99.73918914794922,102.6950354609929,119.03003692246284,111.5714950561523,95.26986357652432,100.7559585571289,94.7829818725586
2009-10-01,86.95147705078125,87.14104461669922,88.69061595053614,87.18167106720041,95.69202423095703,74.65760271447873,90.2538070678711,89.81002044677734,95.98725128173828,97.62490844726562,98.53427895981088,113.28210757409438,107.6301116943359,86.3814907389648,107.713752746582,96.33003234863281
2009-11-01,85.24028015136719,87.97084045410156,94.54488534084686,88.20373051699175,93.99217224121094,79.05445108086981,87.61421203613281,91.19171142578125,95.54634094238281,96.6202392578125,94.37352245862886,113.76110168645843,102.9307708740234,87.87932972245544,100.5798110961914,94.98925018310547
2009-12-01,85.97757720947266,91.02413177490234,100.39915473115757,83.91108082786816,81.0932388305664,88.68797938841267,99.28934478759766,102.705810546875,93.45370483398438,91.11506652832031,90.21276595744682,100.22951801217444,79.35826110839844,92.9471938007234,96.96880340576172,81.06575775146484
2010-01-01,90.30451202392578,79.53922271728516,95.17101040932927,79.00519546886979,77.49354553222656,76.29836319920877,79.49239349365234,71.61773681640625,96.40248107910156,85.18775177001953,95.19306540583138,80.59075940524897,86.0282974243164,82.37918639726202,87.28073120117188,79.31242370605469
2010-02-01,93.0628433227539,86.44789123535156,89.94286608750097,85.44417000255515,93.09223937988281,87.36225282437054,94.11167907714844,80.25331115722656,96.24626159667969,89.07132720947266,100.17336485421593,91.24837840534876,95.1238021850586,92.87533290303429,90.01100158691406,86.84142303466797
2010-03-01,97.92556762695312,104.35025024414062,84.71472176567269,109.36036112767226,108.9909210205078,110.10506131788367,118.0710678100586,106.2751922607422,100.04480743408203,106.2316665649414,105.15366430260048,110.04889731563716,110.5861511230469,125.13226885932976,105.7761459350586,103.3433609008789
2010-04-01,101.26438903808594,96.85830688476562,89.62980355325976,94.54049910569799,102.2914810180664,90.71105916505773,96.64974975585938,92.11283874511719,100.91001892089844,96.80632019042969,100.77226162332545,90.17064165252968,98.00404357910156,91.58932998995078,99.08256530761719,93.7516098022461
2010-05-01,102.51522827148438,96.62195587158203,94.54488534084683,93.007409931011,105.1912307739258,86.2469254274395,94.0101547241211,90.8462905883789,100.01685333251953,96.04650115966797,96.39085894405042,93.88284602335096,104.6740798950195,88.11955236635085,93.00550079345703,94.37042999267578
2010-06-01,104.95630645751953,106.88687133789062,99.45996712843392,108.33830167788095,113.1905670166016,104.99553872571417,116.548225402832,105.6994857788086,100.48475646972656,104.45602416992188,92.00945626477541,100.22951801217444,110.1313781738281,108.44096364822488,112.1174240112305,107.0562973022461
2010-07-01,98.24730682373047,100.51209259033203,97.36244814901778,100.46844391448771,115.5903701782227,103.6792024600699,94.21319580078125,96.94876098632812,97.34056854248047,101.7072525024414,98.78644602048857,98.5530386189003,120.8943939208984,103.53612828571002,98.90641784667969,103.8590469360352
2010-08-01,100.58016204833984,93.87373352050781,95.26492916960164,93.82505749084406,50.89575958251953,96.98483755107374,68.121826171875,93.14910888671875,100.49102020263672,94.88667297363281,105.56343577620173,99.63077537171938,46.91763687133789,92.99384094051031,76.35963439941406,98.80532836914062
2010-09-01,101.81501007080078,108.97843170166016,93.16741019018549,112.5287454220254,110.2908172607422,117.08692468610013,115.5329971313477,109.9597015380859,98.87471008300781,108.87225341796875,112.3404255319149,107.77367528190797,118.9994964599609,113.6622367354158,110.6201782226563,112.7288360595703
2010-10-01,103.36785125732422,105.1021728515625,102.99757376535963,106.19197683331916,108.6909408569336,103.07511679771999,106.1929016113281,105.3540573120117,102.88055419921875,106.4659652709961,105.05910165484634,106.33669294481587,110.358772277832,95.90749824925557,110.708251953125,110.1504058837891
2010-11-01,103.33535766601562,109.3250732421875,112.82773734053377,114.06183459671237,111.9906692504883,110.01264101259895,101.6243667602539,115.8318939208984,103.6077880859375,108.43028259277344,97.77777777777779,116.39556930446062,113.7695846557617,100.95446899935556,111.060546875,112.2131500244141
2010-12-01,102.62543487548828,111.16786193847656,122.65790091570791,103.22800442892431,102.2914810180664,113.44207683276295,115.4314727783203,131.9516448974609,102.70014953613281,101.83345794677734,90.49645390070921,105.1392076639058,84.51238250732422,104.40919262560024,105.0715560913086,97.56768035888672
2011-01-01,108.47721099853516,97.20869445800781,114.14259998434687,94.43829316071887,89.6925277709961,97.89633192939743,96.14213562011719,88.54347229003906,102.71018981933594,94.92254638671875,95.69739952718676,98.79253567508232,85.42192840576172,92.30044572152148,98.11376190185547,96.63945007324219
2011-02-01,111.50515747070312,103.92513275146484,105.62729905298583,102.3081509241121,106.291145324707,110.83870485662585,104.2639617919922,100.1727142333984,103.86830139160156,97.90180206298828,100.89834515366431,102.86398563017663,99.06517791748047,100.52006329092029,101.7247619628906,102.0025787353516
2011-03-01,115.34101867675781,120.28302764892578,97.11199812162481,122.1361042500639,124.3896408081055,121.02322480850938,127.0050811767578,125.7340240478516,107.1013412475586,113.0538330078125,106.09929078014184,121.90400159664702,108.4638748168945,118.08065246589794,113.5266036987305,117.9888229370117
2011-04-01,114.07984161376953,108.4044418334961,102.24622368318073,99.34417851971725,112.6906051635742,100.4761222539187,105.5837554931641,104.4329299926758,104.83024597167969,100.56340789794922,103.26241134751773,96.15806805708013,97.01869201660156,89.51390355636342,101.8128356933594,100.9712066650391
2011-05-01,113.5173110961914,113.82979583740234,107.38044924473665,113.03977514692104,123.2897338867188,103.68181479872196,116.9543151855469,117.5590133666992,104.65880584716797,105.28255462646484,100.42553191489361,104.54046502345074,109.0702285766602,89.97136280783378,109.122932434082,116.0292205810547
2011-06-01,115.84139251708984,118.2250747680664,112.51467480629256,123.26036964483436,116.190315246582,120.74772898633906,110.8629455566406,114.4502029418945,105.27505493164062,109.43499755859375,97.58865248226951,114.95858696736852,104.5224838256836,111.97615527826986,105.5999984741211,104.8904113769531
2011-07-01,108.65489959716797,110.75877380371094,109.38404946388042,107.11183033813134,119.3900527954102,112.09319223958913,104.1624374389648,112.1473846435547,100.98603057861328,104.39614868164062,101.97005516154452,107.41442969763497,108.3880767822266,106.53072614525776,98.37798309326172,108.2939376831055
2011-08-01,111.40831756591797,106.000732421875,106.25342412146827,106.19197683331916,58.59511566162109,110.49677090819658,70.5583724975586,110.3051300048828,104.50894927978516,100.8577880859375,106.35145784081953,113.28210757409438,50.78322219848633,95.09714764722645,81.64403533935547,111.1817779541016
2011-09-01,112.92208099365234,118.85668182373047,103.12279877905613,125.40669448939614,116.6902770996094,124.00107906060538,117.9695434570313,123.4311981201172,105.10490417480469,112.43740844726562,110.73286052009456,120.46701925955492,109.0702285766602,108.25167482049332,109.9155960083008,118.7107849121094
2011-10-01,113.36187744140625,112.67544555664062,106.50387414886124,113.34639298185847,112.7906036376953,109.48960845220994,101.9289398193359,109.2688598632813,108.99996948242188,107.07150268554688,105.21670606776989,113.28210757409438,100.5811004638672,93.88303938518936,108.8587112426758,107.8813934326172
2011-11-01,113.24957275390625,117.52952575683594,109.88494951866636,116.9236010561281,114.3904724121094,115.09222761589089,111.0659942626953,124.9280395507813,106.51683807373047,109.3028335571289,99.70055161544522,122.50274423710208,96.41232299804688,96.8883708123581,109.6513748168945,117.4731369018555
2011-12-01,112.94914245605469,117.2018814086914,113.26602488847148,104.65888765863215,102.7914428710938,117.75829571967724,116.3451766967773,132.8727722167969,104.38057708740234,100.87519836425781,94.18439716312056,103.70222532681368,68.29206848144531,97.06371950352526,100.1394424438477,100.7649307250977
2012-01-01,119.52671813964844,103.99492645263672,106.40995538858887,100.36623796950856,91.59236907958984,101.05528479345315,95.02538299560547,98.33045959472656,105.05070495605469,96.06440734863281,101.08747044917259,114.71908991118649,75.56846618652344,87.33178276035464,99.61100769042969,101.8994369506836
2012-02-01,123.40948486328125,111.4068832397461,99.55388588870626,104.65888765863215,109.0909118652344,113.151048186175,104.8731002807617,109.2688598632813,106.49168395996094,100.77201080322266,107.9905437352246,121.90400159664702,85.42192840576172,101.27731986191841,96.26421356201172,105.6123733520508
2012-03-01,129.4636993408203,127.86482238769531,92.69781638882367,119.88757346052297,121.9898376464844,130.083027065064,124.670051574707,133.3333435058594,108.68936920166016,113.93707275390625,114.89361702127661,134.83684263047599,92.92572021484375,124.06454890789749,103.3100891113281,114.4821624755859
2012-04-01,128.1589813232422,113.00994873046875,93.7622290052438,104.4544757686739,105.5912017822266,98.88231326117827,104.3654861450195,107.5417404174805,107.98426818847656,102.55055236816406,109.59810874704493,116.99431194491568,79.81304168701172,94.91376565702221,93.71009063720703,98.59905242919922
2012-05-01,126.76930236816406,115.75223541259766,94.82664162166392,114.87948215654546,121.1899032592773,98.14648100626813,99.59390258789062,113.6442108154297,108.61681365966797,106.64286041259766,104.30260047281325,129.08891328210757,100.5053100585938,96.87493697615318,90.80366516113281,104.8904113769531
2012-06-01,131.22975158691406,122.30259704589844,95.89105423808407,120.80742696533517,109.7908554077148,112.31298170509814,117.0558395385742,120.6678237915039,107.71144104003906,110.76344299316406,99.00709219858156,121.06576190000997,94.29004669189453,106.49747908831846,109.827522277832,108.8096237182617
2012-07-01,117.31159973144531,114.58113098144531,95.45276669014636,116.10595349629504,120.4899597167969,105.68328982867705,113.0964431762695,117.328727722168,104.30392456054688,107.5370864868164,101.81245074862096,124.17922363037621,99.51995849609375,103.3495059732051,100.3155899047852,108.3970794677734
2012-08-01,121.164794921875,107.13507080078125,95.01447914220866,106.60080061323569,57.39521789550781,100.96724192050428,74.3147201538086,106.9660339355469,106.38080596923828,101.87490844726562,104.61780929866036,128.25067358547048,43.43102645874023,89.26453375264006,76.00733947753906,106.9531555175781
2012-09-01,121.22590637207031,115.6320571899414,94.57619159427097,106.08977088834001,104.7912750244141,110.83432742428998,114.6192855834961,114.3350677490234,107.7012939453125,110.29429626464844,107.42316784869976,126.21494860792335,92.470947265625,100.98717600257807,104.3669662475586,106.3343353271484
2012-10-01,116.34834289550781,113.61662292480469,99.80433591609925,113.55080487181672,118.2901458740234,95.96849660793121,108.9340057373047,114.7956237792969,108.3008041381836,110.06121826171875,103.35697399527187,133.7591058776569,94.82061767578125,89.93706939681823,111.1486206054688,110.2535400390625
2012-11-01,115.04298400878906,113.06060791015625,105.03248023792753,119.88757346052297,109.990837097168,94.83001118186849,103.9593887329102,120.0921173095703,109.87738037109375,109.9404296875,99.29078014184398,124.53846921464921,83.60282897949219,92.87911327905175,104.4550399780273,110.2535400390625
2012-12-01,111.5395278930664,111.06792449951172,110.26062455975583,108.13388978792267,94.59211730957031,100.87701033138752,117.4619293212891,124.3523330688477,107.35689544677734,99.12213134765625,95.22458628841608,107.77367528190797,60.10611724853516,95.61735438991525,86.22384643554688,83.54104614257812
2013-01-01,115.05029296875,99.69522094726562,101.3383423338812,95.86917639042672,96.49195861816406,87.41577046486391,89.54315185546875,94.30052185058594,105.35073852539062,97.656494140625,97.24192277383767,110.64763995609222,79.50985717773438,87.91149667196117,95.29541015625,100.146110534668
2013-02-01,119.69908142089844,104.39879608154297,92.41606010800658,101.18388552934164,99.49171447753906,96.24858167367948,93.8071060180664,103.0512390136719,106.94123840332031,99.12451934814453,99.25925925925927,111.24638259654725,84.66397094726562,97.471291292908,95.38348388671875,96.94886016845703
2013-03-01,123.80978393554688,120.69513702392578,83.49377788213197,121.42066263520996,105.3912200927734,123.57110223922727,111.3705596923828,115.1410522460938,107.3473892211914,112.02934265136719,101.27659574468085,120.10777367528189,90.5760498046875,122.67448439426182,108.1541213989258,101.1774826049805
2013-04-01,121.46481323242188,113.66279602050781,87.34444705329891,110.89345030235927,102.9914169311523,96.0517384260601,104.7715759277344,116.407600402832,107.24050903320312,106.04914093017578,100.83530338849488,114.95858696736852,83.2238540649414,95.58464738669274,99.43486022949219,104.065315246582
2013-05-01,117.70645904541016,112.46994018554688,91.19511622446585,111.91550975215058,112.9905853271484,99.67561696643351,96.54822540283203,104.8934936523438,106.71753692626953,105.9088363647461,100.39401103230891,122.74224129328411,90.4244613647461,97.86812951466977,93.26972198486328,97.36140441894531
2013-06-01,120.63976287841797,118.41883087158203,95.04578539563279,123.26036964483436,103.9913330078125,104.6837525774045,115.7360382080078,121.2435302734375,107.78820037841797,110.27449798583984,99.95271867612293,121.90400159664702,86.7862548828125,104.22685698947225,106.6568756103516,104.4778671264648
2013-07-01,109.54157257080078,114.13006591796875,94.60749784769509,123.56698747977175,119.0900802612305,108.0528927973293,110.1522903442383,116.6378860473633,104.5118637084961,110.29839324951172,102.09613869188337,119.26953397864483,102.0970153808594,108.79385499878363,104.7192611694336,107.3657073974609
2013-08-01,115.30435180664062,104.27242279052734,94.16921029975738,106.39638872327741,50.59578323364258,98.6876587297268,63.55329895019531,102.0149688720703,107.47479248046875,102.5009765625,104.23955870764381,117.59305458537072,41.6119270324707,92.5905558275045,70.81100463867188,97.98023223876953
2013-09-01,115.79114532470703,117.33698272705078,93.73092275181968,121.5228685801891,103.7913589477539,114.01142545141536,109.7461929321289,118.9407043457031,107.24946594238281,113.47901916503906,106.38297872340425,124.17922363037621,92.92572021484375,107.9926515565825,102.4293518066406,106.8500213623047
2013-10-01,113.95365142822266,117.22825622558594,97.2685293887454,124.38463503960482,116.9902496337891,108.22417748840701,108.9340057373047,115.0259094238281,109.33897399902344,114.9092788696289,101.90701339637509,128.0111765292885,102.1728134155273,102.50648212131075,109.6513748168945,111.0786437988281
2013-11-01,113.0608139038086,115.12242889404297,100.80613602567114,113.24418703687932,103.1913986206055,105.27604741394654,101.6243667602539,120.2072601318359,109.88623809814453,112.91710662841797,97.43104806934593,123.34098393373914,87.9231948852539,103.73456427326954,96.52843475341797,106.9531555175781
2013-12-01,107.95594024658203,114.43215942382812,104.34374266259685,107.00962439315222,88.6926040649414,111.90616291285174,108.6294479370117,130.5699462890625,108.32423400878906,103.54940795898438,92.95508274231679,108.37241792236303,66.09398651123047,106.54199976659555,96.61650848388672,85.70692443847656
2014-01-01,114.6789321899414,105.22711944580078,98.55208577913439,105.16991738352783,90.69244384765625,108.87676792518828,93.09644317626953,97.8698959350586,106.14166259765625,100.60680389404297,100.04728132387707,110.88713701227422,73.52198028564453,100.28517367747807,91.42017364501953,99.42414855957031
2014-02-01,119.88001251220703,110.29183197021484,92.76042889567192,107.31624222808962,99.99166870117188,114.1575752084355,99.59390258789062,104.5480804443359,107.01228332519531,102.81377410888672,107.13947990543736,109.80940025945513,76.78120422363281,107.5309056287352,89.21834564208984,102.0025787353516
2014-03-01,126.52162170410156,128.11639404296875,86.96877201220944,121.31845669023082,107.5910339355469,145.18940484865354,116.2436599731445,119.1709899902344,109.9907455444336,117.5083236694336,114.23167848699762,130.52589561919967,83.07225799560547,133.91283347367698,105.0715560913086,106.128059387207
2014-04-01,122.56689453125,114.80947875976562,89.5358847929874,106.80521250319394,99.79168701171875,104.19107962837717,103.8578643798828,108.9234313964844,108.00897979736328,108.07266998291016,108.17966903073285,109.80940025945513,76.47801971435547,102.6764640286674,95.55963134765625,102.6213989257813
2014-05-01,121.49739837646484,114.75115966796875,92.10299757376536,109.7691849075888,104.4912948608398,104.32063750476941,91.57360076904297,109.8445663452148,109.39306640625,107.82774353027344,102.12765957446808,112.0846222931843,80.72258758544922,99.88938180979258,82.61283874511719,100.7649307250977
2014-06-01,122.93177795410156,120.74029541015625,94.67011035454333,121.21625074525168,103.6913604736328,117.36023179210252,119.4923934936523,114.5653457641602,110.59555053710938,113.79953002929688,96.0756501182033,126.21494860792335,76.62960815429688,112.72480474315678,96.70458221435547,100.3523864746094
2014-07-01,112.97525787353516,117.93548583984375,93.4804727244267,116.82139511114897,116.5902862548828,120.73156072819526,107.8172607421875,118.2498550415039,106.2998275756836,112.36123657226562,97.80929866036249,117.59305458537072,87.69580078125,109.72966682989231,96.88072967529297,110.3566818237305
2014-08-01,117.1534423828125,104.6414794921875,92.29083509431008,95.66476450046845,48.09599304199219,99.3225276259225,60.81218338012695,101.669548034668,110.21347045898438,102.345458984375,99.54294720252167,105.1392076639058,34.48711395263672,90.63151096988332,62.708251953125,94.57670593261719
2014-09-01,114.51753997802734,122.16219329833984,91.10119746419348,116.82139511114897,104.8912658691406,126.47771731024433,116.1421356201172,127.11572265625,110.64910125732422,118.01138305664062,101.27659574468085,123.58048098992116,84.28498840332031,112.81330604599422,98.02568817138672,113.1413803100586
2014-10-01,116.09784698486328,119.29450988769531,96.73632308053534,112.93756920194194,113.890510559082,114.61332239759736,103.3502578735352,118.4801406860352,111.39134216308594,115.93568420410156,99.95271867612293,115.7968266640056,84.05760192871094,105.70808932117188,99.25871276855469,111.284912109375
2014-11-01,115.75959777832031,115.99495697021484,102.37144869687721,102.0015330891747,99.69168853759766,109.03647360170012,97.96954345703125,119.2861251831055,112.45703887939453,113.15235900878906,98.62884160756501,113.52160463027641,76.47801971435547,99.42604947415225,90.89173889160156,108.190803527832
2014-12-01,108.08881378173828,118.9248046875,108.00657431321908,104.25006387871562,94.0921630859375,119.7737502916082,125.8883285522461,135.6361541748047,109.18577575683594,107.68791198730469,97.3049645390071,107.41442969763497,58.36280822753906,106.91041766151173,93.71009063720703,93.02964782714844
2015-01-01,112.2034912109375,103.7370834350586,100.08609219691634,89.8390256366579,83.59303283691406,112.87315183659467,88.93400573730469,92.45826721191406,108.34042358398438,100.73711395263672,97.49408983451538,97.3555533379902,67.23091888427734,100.95713551458219,81.29174041748047,95.29866790771484
2015-02-01,116.09053802490234,108.2203369140625,92.1656100806136,97.81108934503025,99.5916976928711,111.24241708398873,93.60406494140625,102.9361038208008,108.35662078857422,102.75218200683594,97.68321513002365,101.66650034926654,76.70540618896484,104.46282671034801,83.31742858886719,99.01160430908203
2015-03-01,117.23377227783203,127.28252410888672,84.24512796431087,120.19419129546036,109.7908554077148,143.50077502321832,116.8527984619141,125.6188812255859,111.45417785644531,119.68509674072266,97.87234042553192,121.30525895619198,84.28498840332031,130.11058528068406,101.7247619628906,111.388053894043
2015-04-01,115.09228515625,113.95550537109375,87.3444470532989,104.04565198875734,103.9913330078125,105.36670262554743,102.0304641723633,112.492805480957,109.71003723144531,109.40254211425781,94.81481481481481,100.82826065262947,79.35826110839844,100.66003846363832,90.09907531738281,101.2806167602539
2015-05-01,113.06028747558594,110.36669158935547,90.44376614228692,96.073588280385,106.3911361694336,101.68754135099682,88.62944793701172,104.7783584594727,109.04823303222656,105.92193603515625,91.7572892040977,98.19379303462728,79.0550765991211,95.18831546529047,77.59265899658203,93.7516098022461
2015-06-01,112.92825317382812,122.84676361083984,93.54308523127494,114.06183459671237,107.2910614013672,122.81493610507957,127.6142120361328,127.2308578491211,109.15663146972656,116.77950286865234,88.69976359338061,111.48587965272925,81.17736053466797,113.22033778166019,101.5486145019531,108.8096237182617
2015-07-01,102.85859680175781,115.56257629394531,92.97957266964076,104.86329954859042,118.7901077270508,120.66032154711638,101.5228424072266,119.5164108276367,104.55516052246094,112.33040618896484,91.9779353821907,101.66650034926654,88.4537582397461,109.1821198677915,91.15596008300781,109.9441299438477
2015-08-01,107.4387435913086,102.95793151855469,92.41606010800658,89.43020185674135,50.69577789306641,99.89448858322696,65.3807144165039,101.5544052124023,108.59317016601562,103.23839569091797,95.25610717100078,95.31982836044305,36.45780563354492,88.86445520857761,64.55780029296875,95.50493621826172
2015-09-01,104.47034454345703,117.65383911132812,91.85254754637239,107.72506600800615,110.0908279418945,117.79042042472273,113.7055892944336,121.2435302734375,105.69124603271484,118.14215087890625,98.53427895981088,114.12034727073146,85.34613037109375,112.81276599227739,97.93761444091797,110.4598159790039
2015-10-01,103.51168823242188,113.84435272216797,96.57979181341473,97.60667745507197,110.9907531738281,107.21327303381065,108.2233505249023,118.4801406860352,110.73406219482422,116.3692626953125,96.76910953506697,107.41442969763497,85.876708984375,101.77980609202535,93.97431182861328,110.7692260742188
2015-11-01,100.3430404663086,112.09473419189453,101.30703608045707,94.2338812707606,106.7911071777344,105.1884281634818,98.3756332397461,121.8192367553711,109.93881225585938,115.18968963623047,95.00394011032307,106.5761900009979,82.01111602783203,103.58493564036407,88.07339477539062,108.7064895629883
2015-12-01,95.17005920410156,112.6583023071289,106.03428034749942,93.9272634358232,91.89234924316406,112.5054475203817,113.7055892944336,133.5636138916016,109.68111419677734,109.32611083984375,93.23877068557918,97.95429597844524,63.59272384643555,106.95277812492168,85.78347778320312,92.51396179199219
2016-01-01,98.58294677734375,96.57624053955078,99.52257963528216,81.45813814836897,83.89301300048828,98.00117849421623,88.52792358398438,89.00403594970703,108.68331909179688,100.79904174804688,92.67139479905437,89.21265342780161,68.51945495605469,96.62020038861931,79.44219970703125,92.1014175415039
2016-02-01,101.49787139892578,105.12837219238281,93.0108789230649,91.57652670130312,103.5913696289063,106.68346251367578,101.8274154663086,108.578010559082,109.97184753417969,106.09998321533203,92.10401891252955,99.63077537171938,80.72258758544922,105.46084597895833,84.4623794555664,103.8590469360352
2016-03-01,102.91625213623047,122.10153198242188,86.49917821084762,106.49859466825656,114.9904174804688,139.02986332585425,115.3299560546875,122.9706420898438,108.94944763183594,120.6600341796875,91.53664302600473,113.28210757409438,85.19454193115234,133.65381020976616,97.05687713623047,106.7468795776367
2016-04-01,104.58985137939453,111.2755126953125,89.03498473820146,93.21182182096926,104.3913040161133,102.30737164900641,103.1472091674805,113.7593612670898,107.92758178710938,111.1014175415039,91.82033096926713,99.03203273126434,76.78120422363281,99.24800051440118,85.95962524414062,107.0562973022461
2016-05-01,101.91268157958984,109.27633666992188,91.5707912655553,89.63461374669961,114.2904815673828,99.12130694596723,95.73603820800781,105.0086364746094,108.47981262207031,109.3016128540039,92.10401891252954,96.15806805708013,84.81556701660156,94.9775595023169,83.66972351074219,96.74258422851562
2016-06-01,106.22040557861328,120.47850799560547,94.10659779290914,99.44638446469637,108.8909301757813,115.84006250785099,113.1979675292969,129.1882476806641,109.09918975830078,119.63021850585938,92.38770685579196,111.24638259654725,75.79585266113281,114.77555747255876,99.08256530761719,112.9351043701172
2016-07-01,98.83658599853516,109.79634857177734,93.73092275181968,88.91917213184568,112.4906311035156,110.47142416289697,94.6192855834961,106.160041809082,104.86306762695312,110.90323638916016,92.38770685579196,95.08033130426105,79.0550765991211,107.55395917177025,82.70091247558594,101.2806167602539
2016-08-01,99.69578552246094,105.05992126464844,93.35524771073021,86.97725917724215,59.49504470825195,104.72110195975411,68.73097229003906,109.1537170410156,107.7304458618164,108.69860076904297,92.38770685579196,99.03203273126434,41.68772125244141,96.00399909777275,68.96146392822266,104.3747329711914
2016-09-01,97.8756332397461,118.66183471679688,92.97957266964076,98.83314879482158,113.1905670166016,124.30255706180154,110.964469909668,125.6188812255859,107.84563446044922,121.33946990966797,92.38770685579196,114.12034727073146,81.85952758789062,116.13986817457538,97.76146697998047,113.34765625
2016-10-01,98.36399841308594,112.04621124267578,96.92416060108006,86.7728472872839,113.2905654907227,109.37685426768763,99.49239349365234,108.1174468994141,110.03414154052734,115.41824340820312,95.91804570527975,107.17493264145294,79.20667266845703,99.13860588339585,88.4256820678711,102.3119888305664
2016-11-01,95.94966125488281,116.64361572265625,100.86874853251936,94.02946938080234,112.4906311035156,114.52789186330057,98.27410888671875,129.3034057617188,110.61141967773438,120.4361343383789,99.44838455476754,120.70651631573695,82.46589660644531,107.9395575255515,95.82384490966797,113.4507904052734
2016-12-01,94.38543701171875,116.6641616821289,104.81333646395868,90.24784941657441,95.39205169677734,120.02827680081478,116.8527984619141,137.0178527832031,108.13843536376953,112.5713119506836,102.97872340425533,102.2652429897216,63.36533355712891,111.54927656851218,90.97981262207031,96.53630828857422
2017-01-01,98.69200134277344,102.43195343017578,100.74352351882288,85.03534622263864,92.99225616455078,106.12131547725339,87.91877746582031,97.52446746826172,109.37384033203125,105.22344207763672,100.74074074074075,96.75681069753517,68.29206848144531,99.56761105466332,81.99633026123047,101.6931686401367
2017-02-01,101.29646301269531,108.56458282470703,96.67371057368709,92.80299804105273,106.5911178588867,114.3294953332394,92.48731231689453,108.002311706543,108.6298828125,107.89177703857422,98.50275807722616,103.70222532681368,76.78120422363281,109.61274520020932,83.58164978027344,102.5182647705078
2017-03-01,104.86082458496094,130.4705047607422,92.6038976285513,113.03977514692104,127.6893615722656,140.81176070154237,123.3502578735352,132.9879150390625,108.40758514404297,127.31685638427734,96.26477541371158,119.03003692246284,87.99898529052734,137.0543934509036,102.5174255371094,120.2578430175781
2017-04-01,106.95498657226562,113.40030670166016,93.6370039915473,86.67064134230475,100.3916397094727,109.32856130449838,94.92385864257812,104.5480804443359,107.27699279785156,111.22721099853516,97.65169424743893,95.31982836044305,66.47296142578125,103.85735898712252,83.84587097167969,98.70218658447266
2017-05-01,107.60098266601562,120.48033142089844,94.67011035454331,99.2419725747381,123.2897338867188,112.76300999072444,100.1015243530273,119.4012680053711,107.93989562988281,116.58663177490234,99.03861308116628,103.46272827063167,80.64678955078125,102.26136524060703,89.3064193725586,110.5629577636719
2017-06-01,111.05628204345703,128.31971740722656,95.70321671753933,103.73903415381996,118.5901184082031,128.33191292322167,117.7665023803711,125.0431747436523,108.32293701171875,124.1709213256836,100.42553191489363,118.43129428200778,81.70793151855469,121.91564141547069,95.55963134765625,109.4284439086914
2017-07-01,101.38317108154297,117.26724243164062,96.89285434765596,96.17579422536411,120.5899505615234,117.6619216045408,101.5228424072266,112.0322418212891,105.69070434570312,117.08649444580078,102.72655634357763,104.3009679672687,82.8448715209961,111.98634879217408,82.96513366699219,107.8813934326172
2017-08-01,102.83049011230469,112.81723022460938,98.08249197777258,94.2338812707606,64.59461975097656,116.99775215319367,71.26903533935547,112.7230911254883,106.17826080322266,114.1368408203125,105.02758077226163,103.10348268635863,45.1743278503418,99.95104919357746,63.41283798217773,110.8723678588867
2017-09-01,105.63666534423828,126.02790069580078,99.27212960788918,108.54271356783923,112.8905944824219,130.75023247754726,110.3553314208984,127.3460006713867,108.33816528320312,126.4685287475586,107.32860520094563,118.67079133818979,83.07225799560547,118.45983768179245,92.74127960205078,115.8229446411133
2017-10-01,106.73394012451172,122.38872528076172,102.62189872427018,105.57874116344435,121.6898574829102,119.96882844554378,116.4467010498047,112.6079483032227,109.99484252929688,122.76542663574219,110.73286052009456,114.71908991118649,88.15058135986328,109.57845178919376,93.44586944580078,106.9531555175781
2017-11-01,104.64990997314453,126.63924407958984,105.97166784065118,110.89345030235927,120.4899597167969,125.28875020482442,106.3959350585938,135.9815826416016,109.63468170166016,125.92789459228516,114.13711583924349,120.10777367528189,87.9231948852539,114.14919642116527,92.38899230957031,121.4954833984375
2017-12-01,101.85314178466797,124.97550964355469,109.32143695703218,102.20594497913295,98.6917724609375,132.60160394063047,111.4720840454102,147.2654113769531,105.76174926757812,114.90646362304688,117.54137115839242,101.66650034926654,66.62455749511719,116.37047111164067,85.07889556884766,98.59905242919922
2018-01-01,103.56475830078125,111.62881469726562,105.37684902559286,106.29418277829828,103.5913696289063,116.78234012002049,94.72080993652344,104.5480804443359,106.83348846435547,110.41210174560547,112.05673758865248,99.9900209559924,79.13087463378906,103.59563545462778,84.9908218383789,110.3566818237305
2018-02-01,107.588134765625,115.6396484375,101.43226109415355,101.89932714419557,112.2906494140625,123.759402433417,97.36040496826172,110.5354080200195,107.92034912109375,110.59366607666016,106.57210401891254,99.63077537171938,82.54168701171875,111.79327958842507,82.26055145263672,107.262565612793
2018-03-01,109.8961181640625,137.28170776367188,97.48767316271424,125.81551826931268,128.0893402099609,159.97721852418752,122.6395950317383,130.8002319335938,107.32018280029297,128.16049194335938,101.08747044917259,109.21065761900009,88.60535430908203,141.504469830532,94.67889404296875,117.0605926513672
2018-04-01,113.05475616455078,123.19172668457031,98.64600453940675,109.7691849075888,111.8906784057617,119.06891308178591,97.36040496826172,116.0621795654297,108.83079528808594,117.68098449707031,98.09298660362491,99.39127831553736,76.78120422363281,108.33801590846362,83.93394470214844,108.7064895629883
2018-05-01,110.74331665039062,124.34398651123047,99.80433591609925,109.7691849075888,130.5891265869141,119.45080875121681,92.58883666992188,115.0259094238281,108.4792709350586,118.9903335571289,95.09850275807723,102.5047400459036,89.8180923461914,107.07182621611449,81.82018280029297,106.7468795776367
2018-06-01,114.1307144165039,133.49855041503906,100.96266729279174,114.47065837662893,126.4894638061523,130.8979355170092,118.7817230224609,132.52734375,109.74480438232422,126.2962417602539,92.10401891252957,105.1392076639058,89.4391098022461,118.77087486930068,95.1192626953125,116.7511825561523
2018-07-01,105.88152313232422,124.8050765991211,101.58879236127416,107.52065411804787,127.6893615722656,126.51965593617187,109.7461929321289,119.7466888427734,107.88633728027344,121.93576049804688,98.47123719464146,103.46272827063167,90.80343627929688,116.47557906626906,86.4000015258789,111.1817779541016
2018-08-01,111.02452850341797,118.90309143066406,102.21491742975658,102.51256281407035,66.79444122314453,121.18420135247361,70.65989685058594,116.5227355957031,110.30016326904297,117.50784301757812,104.83845547675335,105.73795030436084,46.91763687133789,102.98213443236514,64.2935791015625,111.284912109375
2018-09-01,110.89509582519531,128.52122497558594,102.84104249823902,107.21403628311049,114.2904815673828,134.35773094853488,105.3807144165039,122.7403564453125,111.16019439697266,126.34468841552734,111.20567375886526,110.28839437181917,85.19454193115234,114.52136093874164,85.07889556884766,110.8723678588867
2018-10-01,111.42263793945312,131.34011840820312,106.81693668310245,110.89345030235927,129.3892211914063,131.50378627304292,114.7208099365234,127.4611358642578,112.85325622558594,129.32577514648438,112.97084318360915,118.67079133818979,93.00151062011719,112.3767738760491,97.84954071044922,118.2982330322266
2018-11-01,109.73712921142578,129.97645568847656,110.79283086796589,112.11992164210886,117.9901733398438,127.88075497763774,104.8731002807617,132.9879150390625,113.14529418945312,128.23617553710938,114.73601260835304,120.46701925955492,84.1333999633789,111.90753470288143,91.15596008300781,117.1637268066406
2018-12-01,103.44828033447266,124.20246887207031,114.76872505282931,99.44638446469637,99.19173431396484,128.12567937720434,104.9746170043945,137.36328125,111.82362365722656,117.04354858398438,116.50118203309694,105.37870472008781,64.8812484741211,112.52424229408744,78.03302764892578,89.6261215209961
2019-01-01,106.50684356689453,112.17539978027344,109.19621194333568,98.83314879482158,106.9910888671875,110.20094120678866,95.22843170166016,104.4329299926758,109.49972534179688,111.52220153808594,110.35460992907802,107.17493264145294,81.55634307861328,95.95735195798586,81.90825653076172,105.4060974121094
2019-02-01,109.30371856689453,116.6032943725586,103.62369883384206,99.54859040967551,113.7905197143555,117.97653190274451,100.1015243530273,112.8382263183594,110.83565521240234,112.6667251586914,104.20803782505911,110.64763995609222,83.45123291015625,107.30995615185736,80.32292938232422,103.6527709960938
2019-03-01,111.95256805419922,137.50462341308594,98.05118572434844,117.74124861596118,125.3895568847656,146.63374570824828,117.3604049682617,128.612548828125,111.09249877929688,131.4561767578125,98.0614657210402,126.21494860792335,88.8327407836914,131.45076233223213,92.47706604003906,111.388053894043
2019-04-01,109.16854095458984,121.49242401123047,97.9885732175002,102.92138659398691,110.0908279418945,110.01588878497716,106.8020324707031,115.0259094238281,109.4900131225586,119.41561889648438,95.5397951142632,113.52160463027641,75.94744873046875,101.30840670399057,85.51925659179688,102.5182647705078
2019-05-01,109.19413757324219,124.61112213134766,97.92596071065196,105.37432927348608,129.4892120361328,112.39749439067937,101.4213180541992,120.2072601318359,111.786376953125,122.78617095947266,93.0181245074862,117.59305458537072,91.63719177246094,101.89294734569083,84.02201080322266,107.4688415527344
2019-06-01,111.47966766357422,126.9803237915039,97.86334820380371,105.16991738352783,118.9900894165039,120.44314442025939,106.0913772583008,116.0621795654297,112.1888656616211,125.1688003540039,90.49645390070921,123.10148687755711,83.52703094482422,112.25127889361221,87.45687866210938,95.8143539428711
2019-07-01,100.38681030273438,123.3802719116211,98.11379823119668,103.22800442892431,124.1896514892578,120.86415456572371,106.9035568237305,122.2797927856445,109.55381774902344,125.63995361328125,97.55713159968478,123.93972657419418,92.92572021484375,114.83081171845684,89.74678802490234,107.6751174926758
2019-08-01,106.01074981689453,112.36217498779297,98.36424825858965,91.78093859126139,61.59486770629883,105.46434760813628,66.90355682373047,107.4266052246094,111.13827514648438,116.71170806884766,104.61780929866035,115.19808402355054,43.96159744262695,91.6885311070519,63.14862060546875,98.70218658447266
2019-09-01,103.33577728271484,128.73037719726562,98.61469828598263,103.22800442892431,116.4902954101563,134.7020654243741,108.6294479370117,123.5463485717773,109.27721405029297,131.04696655273438,111.67848699763591,128.49017064165253,87.69580078125,114.93591967308522,88.24954223632812,107.5719757080078
2019-10-01,103.51399230957031,125.03099822998047,99.02167958049621,105.0677114385487,124.2896499633789,110.80481505789655,105.5837554931641,117.7892990112305,108.87970733642578,129.2439422607422,113.03388494877856,128.25067358547048,91.63719177246094,101.34756059845718,94.7669677734375,109.1190338134766
2019-11-01,101.27818298339844,122.6446533203125,99.4286608750098,100.36623796950856,112.2906494140625,105.91508193123606,102.0304641723633,122.6252212524414,110.4559555053711,127.9522705078125,114.38928289992121,125.61620596746832,81.48054504394531,100.85418777482091,82.43669891357422,106.3343353271484
2019-12-01,99.12844848632812,123.0656967163086,99.83564216952337,93.41623371092753,95.39205169677734,125.62192928858194,103.7563400268555,130.6850891113281,107.64418029785156,119.10216522216797,115.74468085106385,117.2338090010977,63.97170257568359,107.86661652042883,76.09541320800781,82.81908416748047
2020-01-01,102.21260070800781,104.48609161376953,94.41966032715035,87.38608295715868,101.6915283203125,107.66266588571077,90.5583724975586,96.7184829711914,108.09286499023438,105.14067077636719,110.22852639873918,116.39556930446062,78.52450561523438,95.08428761809562,78.6495361328125,99.83670043945312
2020-02-01,107.30137634277344,108.6939926147461,89.00367848477734,89.43020185674135,111.2907333374023,107.46123339451346,96.75127410888672,103.9723739624023,110.03166198730469,106.80323028564453,104.7123719464145,114.12034727073146,79.96463012695312,98.84525545511215,79.44219970703125,101.1774826049805
2020-03-01,107.13851928710938,125.31551361083984,83.58769664240432,94.64270505067712,77.99349975585938,132.70277911058693,83.35025787353516,117.2135925292969,106.74128723144531,125.81118774414062,99.19621749408985,127.65193094501545,58.13541793823242,127.85927010221279,68.96146392822266,104.9935531616211
2020-04-01,86.98772430419922,98.6952896118164,81.70932143695704,51.71620815944128,55.69536209106445,97.84168462894641,54.41624450683594,81.0593032836914,97.65074157714844,103.48143768310547,91.97793538219071,77.95629178724677,38.95907211303711,89.52143055504106,44.8293571472168,81.06575775146484
2020-05-01,91.59880065917969,101.7864761352539,79.83094623150976,60.19930159270932,95.59203338623047,83.71451021739189,70.05076599121094,86.81635284423828,98.03790283203125,105.78857421875,84.75965327029157,85.50044905698034,67.45831298828125,78.5736978819684,59.62568664550781,82.81908416748047
2020-06-01,99.01824188232422,118.49364471435547,77.95257102606246,82.7868154330977,105.7911911010742,104.98085314626479,99.18782043457031,110.6505508422852,99.83763122558594,120.61422729492188,77.54137115839244,108.85141203472708,75.26528930664062,97.66220028178991,84.55045318603516,90.96690368652344
2020-07-01,94.3619384765625,113.98302459716797,80.4883775534163,82.88902137807683,115.290397644043,99.1073274039914,96.54822540283203,102.705810546875,99.771240234375,122.25277709960938,84.53900709219859,112.92286198982136,85.0429458618164,98.6612996578338,81.64403533935547,96.63945007324219
2020-08-01,101.31787872314453,104.33696746826172,83.02418408077014,71.85077932033047,58.09515762329102,84.74158293013201,60.0,87.39205932617188,101.4498291015625,114.55767059326172,91.53664302600474,112.32411934936633,43.88580322265625,79.79374673489009,58.21650695800781,87.9759292602539
2020-09-01,100.63229370117188,121.5459213256836,85.55999060812397,88.91917213184568,107.5910339355469,106.79028598342049,100.304573059082,111.3413925170898,100.49933624267578,133.98480224609375,98.53427895981088,130.52589561919967,87.7716064453125,104.27137766774936,86.4000015258789,104.6841430664063
2020-10-01,103.98595428466797,122.09332275390625,86.31134069030288,88.30593646197089,113.7905197143555,106.98409326990372,105.7868041992188,106.6206130981445,108.04309844970703,134.56260681152344,102.85263987391647,123.93972657419418,92.92572021484375,101.9492816990225,89.92292785644531,107.0562973022461
2020-11-01,100.440185546875,123.78035736083984,87.0626907724818,93.21182182096926,109.4908752441406,111.29988853433387,100.304573059082,114.5653457641602,107.60272216796875,135.36434936523438,107.17100078802207,129.68765592256258,89.5906982421875,100.89708829194764,83.84587097167969,108.0876617431641
2020-12-01,98.20500946044922,123.59750366210938,87.81404085466072,92.18976237117793,95.89201354980469,119.90175488555867,105.3807144165039,124.4674758911133,105.64643859863281,126.4298324584961,111.48936170212767,110.88713701227422,70.9449234008789,109.65726587848641,75.74311828613281,91.27632141113281
2021-01-01,106.06517791748047,109.4223403930664,86.74962823824059,77.98313601907844,93.39221954345703,105.46674813554627,89.03553009033203,89.11917114257812,109.01832580566406,116.3056640625,106.38297872340426,106.81568705717991,80.9499740600586,96.40998447936249,76.18348693847656,93.33905792236328
2021-02-01,107.85263061523438,116.34584045410156,85.68521562182046,86.26181756238823,109.4908752441406,116.29905746939106,93.8071060180664,102.0149688720703,107.42134857177734,120.06204223632812,101.27659574468086,121.90400159664702,90.27286529541016,103.4401337375523,80.7633056640625,103.4464950561523
2021-03-01,113.30170440673828,142.9936065673828,84.62080300540032,116.61698322119072,124.5896148681641,147.73834133558168,118.6802062988281,125.6188812255859,109.99851989746094,145.65582275390625,96.17021276595746,140.70452050693544,102.1728134155273,134.59286236317553,94.50274658203125,119.8452911376953
2021-04-01,113.55962371826172,129.62474060058594,87.0626907724818,96.58461800528066,117.2902297973633,120.1471029076094,100.0,109.3839950561523,110.6160659790039,133.57891845703125,92.63987391646967,119.26953397864483,91.63719177246094,108.19966089689589,83.05320739746094,105.5092391967773
2021-05-01,113.25542449951172,125.12971496582031,89.50457853956328,95.25594072055192,119.5900344848633,105.76759070301623,92.99491882324219,104.0875091552734,110.07257843017578,128.48060607910156,89.10953506698188,117.2338090010977,94.29004669189453,96.71994155943719,75.83119201660156,100.6617965698242
2021-06-01,114.93998718261719,139.2924346923828,91.94646630664477,109.46256707265141,118.9900894165039,133.32606899221682,115.4314727783203,117.2135925292969,108.58722686767578,141.03465270996094,85.57919621749409,129.92715297874463,95.57857513427734,119.93300296109769,94.06238555908203,112.5225601196289
2021-07-01,107.52127075195312,129.3560791015625,94.35704782030211,95.86917639042672,122.1898193359375,123.96542416819226,103.5532989501953,112.2625198364258,108.7327651977539,134.24102783203125,91.44208037825058,122.74224129328411,93.75946807861328,110.63439181892878,81.99633026123047,107.7782516479492
2021-08-01,110.5457763671875,119.8494644165039,96.76762933395946,89.8390256366579,66.69444274902344,111.77046251043978,65.3807144165039,99.48187255859375,109.37654113769531,125.7400894165039,97.30496453900707,116.39556930446062,49.0399169921875,85.71219541708727,61.38715362548828,103.4464950561523
2021-09-01,109.13866424560547,135.62083435058594,99.17821084761681,107.72506600800615,119.9900054931641,131.09760291452267,109.4416275024414,116.8681640625,109.22151184082031,141.77691650390625,103.16784869976358,130.52589561919967,94.89640808105469,107.30246290653704,89.57064056396484,111.6974639892578
2021-10-01,110.58494567871094,130.32815551757812,100.21131721061282,88.81696618686655,115.4903793334961,121.45948536340192,102.6395950317383,109.6142730712891,113.52359771728516,137.0179901123047,106.88731284475965,117.83255164155273,91.18241882324219,98.88174283435211,88.7779769897461,106.2311935424805
2021-11-01,107.93119049072266,134.94476318359375,101.24442357360883,100.36623796950856,121.0899124145508,130.38492868874425,97.96954345703125,119.1709899902344,113.06788635253906,142.67709350585938,110.60677698975572,127.05318830456041,88.98433685302734,104.36632586183082,88.33760833740234,110.0472717285156
2021-12-01,105.73674774169922,134.5987548828125,102.27752993660484,90.35005536155354,103.1913986206055,136.97550608913193,112.7918853759766,129.1882476806641,109.62410736083984,132.281005859375,114.32624113475178,121.06576190000997,72.91561126708984,109.00515101547398,80.7633056640625,97.77395629882812
2022-01-01,110.89437103271484,117.48988342285156,100.30523597088519,85.44417000255515,92.29231262207031,117.86137719081222,90.5583724975586,92.3431167602539,111.36466979980469,122.23602294921875,108.99921197793539,112.32411934936633,74.3557357788086,95.36906469362543,77.94495391845703,98.59905242919922
2022-02-01,117.16816711425781,124.62776184082031,98.33294200516555,89.0213780768248,113.2905654907227,124.71085853274235,97.7665023803711,102.8209609985352,114.68840026855469,127.37342071533203,103.672182821119,115.55732960782356,91.18241882324219,103.95068702005365,79.0018310546875,106.128059387207
2022-03-01,118.9109115600586,149.37522888183594,96.36064803944589,109.15594923771401,134.288818359375,160.9542331800546,114.7208099365234,122.0495147705078,115.16409301757812,152.45294189453125,98.3451536643026,145.25496457439374,102.4759979248047,133.74393167375388,96.70458221435547,119.9484329223633
2022-04-01,119.38548278808594,128.28570556640625,,84.72872838770124,111.0907440185547,120.09880994442013,91.97969818115234,98.67587280273438,112.15808868408203,134.84335327148438,,114.35984432691346,86.25568389892578,102.36168021849899,80.7633056640625,101.0743408203125
