date,MAB_ELE_PRO156,MAB_ELE_SHP156,MAB_ELE_PRO250,MAB_ELE_SHP250,MAB_ELE_PRO276,MAB_ELE_SHP276,MAB_ELE_PRO380,MAB_ELE_SHP380,MAB_ELE_PRO392,MAB_ELE_SHP392,MAB_ELE_PRO756,MAB_ELE_SHP756,MAB_ELE_PRO826,MAB_ELE_SHP826,MAB_ELE_PRO840,MAB_ELE_SHP840,MAB_ELE_PRO1100,MAB_ELE_SHP1100
2004-02-01,16.94070431693488,16.94070431693488,112.09127317105393,83.45886578230527,82.62303681836659,79.45253199798833,124.28960262622753,86.56049262864539,109.33401014137827,110.49527205298672,91.22186223237347,89.98727470275578,111.35381188990044,73.60126459037494,107.60140001746241,79.2402303515695,97.12291101331279,80.09852990133969
2004-03-01,23.711852473663786,23.711852473663786,136.32797556583895,106.16819176580846,100.5565821427998,97.01291838472758,143.41166158192974,106.34454387569338,140.88461567399355,144.6861659979309,85.8662871630306,79.88358279738536,127.55860829161503,84.04759509582674,110.18736375339611,98.61902382498265,113.78390367681209,96.01592927565468
2004-04-01,24.435234972226496,24.435234972226496,117.7918060900324,92.00764649124649,89.65320321741748,84.93235814143094,129.0838284516689,95.57967279053582,105.85357863799393,102.65576888295655,85.62250796006691,79.74080166700232,108.73229734337835,73.02602679065585,108.16656384226461,89.77403134726296,101.71519900172731,85.16723571689052
2004-05-01,23.708115041407584,23.708115041407584,109.00254089205208,85.69648588212209,86.88057096408303,82.37279441778624,135.59039052104447,100.08703920955766,101.8647770114048,100.30528501514455,85.37872875710323,79.59802053661927,110.64520023896873,74.59188324707485,108.42588708229499,87.46381275407037,101.27572712179943,84.48576697537862
2004-06-01,27.00913800703528,27.00913800703528,133.7857371340491,106.64148191270336,99.0108136976923,95.1087404856352,136.42493532489436,110.88971943724088,120.33291998099766,119.61637963779731,85.13494955413955,79.45523940623622,122.02095993773665,82.34334634120098,110.56993310621407,97.36449610199753,112.05719726369529,96.96329430406252
2004-07-01,23.590959311166877,23.590959311166877,117.40590412487414,89.30278079985777,94.20031779905266,89.64623900957477,140.35146682104383,106.13343644123414,118.14054745987723,116.43894147432398,84.32492549300943,78.70298692238643,112.62094737537164,77.10944740958082,104.53867090731687,84.69102335234325,104.08938820203412,88.06162629538171
2004-08-01,24.280597367158453,24.280597367158453,79.1370329009055,71.79896247173573,82.80484367347273,80.19726802899805,54.39725221798039,49.0460038928197,106.24377263369222,107.6157055858063,83.51490143187932,77.95073443853667,102.72431197490992,70.84903300508628,107.16422319732564,88.29473453683327,80.47662630810166,71.1588836379391
2004-09-01,25.98919212764996,25.98919212764996,130.48795519562785,98.89681724762866,102.03993091663837,101.18697028100007,130.6615706067186,104.55889168774061,124.92918815354278,128.39123224517917,82.7048773707492,77.1984819546869,120.37798960998667,83.96576028266482,109.02797563710082,97.23227284276228,111.21304489698252,97.1673009064578
2004-10-01,24.895962329857753,24.895962329857753,119.70761328678877,99.60374017823221,93.51935750776042,89.04554867244102,133.23148417419554,95.90305408666589,104.92228563250652,104.34352925050858,85.66408888180953,80.08275035036554,114.47892051302418,80.9012433357282,110.44512443059841,91.01166192058784,105.69440953409088,89.52616886137692
2004-11-01,26.774785086737072,26.774785086737072,114.50958750501509,86.51116511366415,97.13076292571162,93.85265669455461,130.11109754242966,105.53936000490857,112.82851179546482,112.2737267395913,88.62330039286987,82.96701874604419,119.45550265748038,84.27083311800031,109.60782732830016,86.75333482809717,107.46586826905926,92.99578696475932
2004-12-01,32.733755651716066,32.733755651716066,122.84230058386736,104.11297428939808,102.34454912053452,105.03396970718336,125.54822578312427,117.95883913797711,114.12863035377623,116.67040606164532,91.5825119039302,85.85128714172284,107.31950290513717,75.56865940278082,105.61671569638536,96.12888750158731,109.32527753636062,101.52575454817138
2005-01-01,21.92819388302241,21.92819388302241,109.81138618318522,89.7225312803001,79.39125731530035,77.77331494008307,106.46468076499801,72.30037232060829,104.48537459278548,104.63181773996814,88.19042348229179,82.72213831075241,100.25382848914984,70.98762383913956,109.17571072847768,85.0834053272749,89.61676625597859,76.31761365154676
2005-02-01,21.92819388302241,21.92819388302241,112.77064856988488,87.07192802983097,85.48053948072273,81.6503858403677,119.97084345073999,87.20655045309964,113.1724417310691,112.78582673325968,84.7983350606534,79.592989479782,111.40431278421607,77.97210065717542,112.40011722000894,89.68514041446068,97.80553702964026,82.25598082537942
2005-03-01,29.649776259392507,29.649776259392507,132.81540992905988,106.68068988232503,99.81302952709379,97.14078275382712,136.81787300838064,105.27097832562208,146.6974678699679,154.69046169190165,81.406246639015,76.46384064881157,121.99024525060773,86.19971676474336,114.44237220775568,103.74748925094188,110.31262180829714,96.28220535667876
2005-04-01,29.923804950870693,29.923804950870693,119.87676522535668,93.28661358310306,95.96444818936152,91.5191971547028,129.52342671615116,95.87412964795845,111.36862283402802,109.08486767509355,82.26798654844724,77.45733557429885,113.74006579714842,79.3891352130292,114.39432530110307,98.24574473784538,106.51747577685906,90.39364311777345
2005-05-01,32.73906189402101,32.73906189402101,114.21683000984906,93.64157591489126,88.22006100496108,85.30809257463483,139.5480427917975,102.86547894148332,106.35652739501487,103.51730001059674,83.1297264578795,78.45083049978614,111.94653603082132,78.21719768231654,113.77424799899126,98.17454372826371,103.4031460702494,88.90578816495363
2005-06-01,35.84671445214215,35.84671445214215,137.4642519674877,109.6591471473394,107.93688343392068,103.73879536840916,128.06466785014896,112.7465425863983,123.89191085324146,122.77391108453881,83.99146636731174,79.4443254252734,121.39403549043442,84.80434267601058,115.73963540563678,105.63497237645707,115.41979771628604,102.13228049222222
2005-07-01,31.002236013546238,31.002236013546238,113.53049109070028,88.50315132255727,93.79308582549945,90.10961379609336,135.47204324226732,108.29431354883285,115.8915034291405,116.29102219224643,83.67991919373648,79.1577609196103,108.55007997330252,76.85391857920075,107.50783083898023,90.23167795561285,102.72914217644468,89.15812197435824
2005-08-01,31.351821132541403,31.351821132541403,79.47555245262713,74.94096370448054,87.52702210995429,85.2907652151154,57.55417458093376,57.09373323403562,110.57680534617998,111.88894812069385,83.36837202016123,78.87119641394717,110.36499507732918,77.39646849902029,110.49538165799035,99.16807943388785,84.19485732369132,76.6770566795367
2005-09-01,33.13759569985644,33.13759569985644,131.60867767798544,103.07059188783121,105.58717069558621,104.46335084415098,133.6622921555928,110.36038279830423,128.030978808456,132.4068231223349,83.05682484658598,78.58463190828408,121.8729428740422,85.38981645837909,113.61475909196325,105.25701741430446,114.21415333120771,101.33382402304022
2005-10-01,33.799609357922265,33.799609357922265,121.34836787093134,100.45161628405572,94.61461070073162,89.80031540917237,130.03872905080442,98.39190820868191,111.22943140179218,109.0219761081272,86.19645151696324,81.68850771377359,112.88692270177471,80.50732220714137,115.5833498665099,100.25596591726045,106.45333167939899,91.9917822370041
2005-11-01,37.68611926352661,37.68611926352661,122.60410399994355,93.51266784860184,105.15406112719018,101.68829002748656,135.02433220616243,103.53072865349414,121.38662733196593,120.19484420751104,89.33607818734048,84.7923835192631,123.45306896097964,88.04938706683086,114.28333904930426,96.3173657419416,113.85199342522925,99.27390612478588
2005-12-01,43.580971060464776,43.580971060464776,130.3538268637193,105.58259838328442,109.5202852124624,107.82750616323018,111.05197753514751,126.54506800863057,124.54072861808244,126.32682180095091,92.47570485771773,87.89625932475258,107.26457314719931,76.5769327336837,110.3685450628209,102.61760179400139,110.99427423654879,106.52463712403781
2006-01-01,28.044270071298104,28.044270071298104,111.75651731007984,94.23092837245794,88.18399066458493,84.76038293451964,109.66149939093228,79.94237215644151,111.77868422344825,111.35873140600683,92.53900448625535,88.06822455126218,106.34905743319793,76.36332796760196,112.32642212671459,91.71436330634033,97.34728631390355,83.84731787873947
2006-02-01,28.044270071298104,28.044270071298104,118.42826164117379,92.36412933185068,91.10721253150514,88.02115855794563,129.96166104636555,95.97896616016519,122.62729726335007,121.3148766943717,92.60230411479297,88.2401897777718,110.03711875448339,78.20998244274705,114.47730211957291,94.77718642893025,103.98627352830512,89.44938564370852
2006-03-01,38.41797485580989,38.41797485580989,145.20451437633307,114.03038651164087,111.24161707390714,109.18224931027567,151.88151194819068,121.66389914988298,151.43470680094157,159.49594168092167,92.66560374333059,88.41215500428142,132.09792621953463,93.98627541263983,118.8801137733317,114.71924843519534,124.29930731888122,109.54724716013881
2006-04-01,39.26515277785853,39.26515277785853,119.1907857316303,95.21372072757292,92.0099813741178,89.2560429792517,119.91133937457059,96.22329233377663,118.77963634404985,116.67550208837122,92.3746484984201,88.34631789462077,108.17377350883885,77.12348844642129,116.12884977967299,103.28801226034531,102.51711938934129,90.44135775141082
2006-05-01,41.435686372713086,41.435686372713086,124.36627811790764,100.23309071037495,104.70338085130358,101.8105725331883,147.54380270072826,115.34983032163973,115.16378508723896,113.19359149998269,92.08369325350958,88.28048078496013,121.69468274540372,86.8172729871968,115.87773750242809,108.77756777877181,117.09110108879773,102.72663934525158
2006-06-01,46.416657447403885,46.416657447403885,144.53157952083436,115.42465094270484,106.81747841779494,106.05550168867302,140.18509572016188,131.31237821497066,136.4320993713777,135.92041795412993,91.79273800859904,88.2146436752995,124.82214947945191,90.24081624767693,117.57482607037511,115.81551459804321,120.28774307647133,111.04180370438485
2006-07-01,39.70337486766454,39.70337486766454,120.21262027094441,95.41647086020687,99.75075962078611,98.14284272259407,140.98041160674677,114.73269925037357,124.18642081432904,125.40653188211493,93.25803565036601,89.70537334686588,114.56202258320832,83.1638742753937,113.94254872495524,98.42229936045781,109.82749151313101,97.56268313946603
2006-08-01,42.550550233656324,42.550550233656324,88.01821780455508,80.15327727721271,101.13904524006966,97.17314809551723,66.39055118805771,64.19922998173243,116.49300633115591,118.45847982850022,94.72333329213296,91.19610301843225,114.51217757503574,85.33947390427657,117.38997972322731,107.88784806992953,95.17153521079833,87.13496530569267
2006-09-01,45.72084497875335,45.72084497875335,136.45512331392246,109.61989698072038,109.65944868794011,110.75149856127504,138.8413013917058,122.42667284494094,137.46390161414834,141.4776943319081,96.18863093389993,92.68683268999864,125.28522789731035,92.58388733344111,119.2314823596934,110.38990605470464,121.29695217105574,110.49764486075014
2006-10-01,43.58679636395046,43.58679636395046,134.89699153208173,113.42060617081032,107.55240935743726,105.36159182696402,148.02868200657016,118.35425681591414,121.0243198955027,119.25901974666303,99.4667591925475,96.02591267730331,122.94853164000823,90.98554153296911,117.38259457309418,108.0269891350134,121.55635805345315,108.07416729484905
2006-11-01,45.88155899058121,45.88155899058121,130.12886857664253,104.36085618066122,117.6222005096791,114.98641226982714,143.12762533548778,123.32895446062585,124.99217868744047,123.8650843190825,102.74488745119505,99.364992664608,126.87976808344249,94.13510222934254,116.3599324910719,100.46047670381655,125.56071367068972,113.5001620224929
2006-12-01,55.16057649100437,55.16057649100437,133.3534969047069,109.29966076904418,111.98624075057467,117.1056529088959,115.83536340638302,132.0548213871246,129.24568561757638,131.30428402287188,106.02301570984262,102.70407265191267,110.92540540060827,80.85590908605141,116.1572732441239,107.59048206008838,116.92014569649506,114.6820240795012
2007-01-01,36.640304913578305,36.640304913578305,118.59368314379145,103.24847518178706,100.91723668874924,96.97940700829447,123.82028070725428,97.84137295403602,115.9900423392075,116.0107815054958,105.16285700889073,101.99652584738942,115.38605012196598,84.56927818153484,115.70338573645974,95.61368390468498,110.38383294726175,97.6032166605269
2007-02-01,36.640304913578305,36.640304913578305,125.02060973255888,101.83839602501715,102.6829305191333,100.94525891236225,136.38234459388738,103.00826236082858,125.06853021829194,125.36434447539271,104.30269830793881,101.28897904286617,116.9205758003949,84.97423214941423,119.01180477859151,101.0727466059747,114.29843778511315,101.18583700654587
2007-03-01,52.2554374881865,52.2554374881865,148.7172464770134,122.73441863265019,120.15733173298923,121.31479163213058,150.10086745811793,131.41248124427722,152.8948289319573,158.14329083697564,103.4425396069869,100.58143223834291,136.28213875673194,99.12430120751463,124.45893074717345,122.36055178875017,132.41912260828153,121.22690998638805
2007-04-01,52.25543748818648,52.25543748818648,130.21934673578284,105.52605698385908,103.81786029807546,102.11428142731693,125.69699643008578,108.9545512482846,119.03171817917517,117.06213888496194,104.10188798987068,101.614714569526,114.46196403894685,83.34138097619741,123.72728971050262,117.05158896967905,113.66808817888361,102.76356127067346
2007-05-01,52.2554374881865,52.2554374881865,125.3482308922575,106.28047211325396,110.00769009243444,109.54295069856613,149.0282645090254,128.327705296532,121.30596358954409,119.5434073213374,104.76123637275444,102.64799690070909,124.85682140801819,91.2346492671658,122.75409671358692,117.87078361627334,122.93647300379905,112.94712085652972
2007-06-01,56.48507845961509,56.48507845961509,148.86924976481185,124.42185315514476,115.26698534603672,117.60911686156841,143.42115852215014,140.97058751672847,134.25089735994018,134.80488258100382,105.42058475563819,103.68127923189218,129.05149080297284,94.45561517434271,124.41880230629243,123.23865042765891,128.2403700233668,121.5871122127712
2007-07-01,56.4850784596151,56.4850784596151,133.84583306262923,108.41938622038637,115.5789994628164,113.5288510004082,146.49621661049818,130.85007426062893,129.54895150961121,129.64749897171197,106.13481140378477,104.482727256011,125.06975346522293,91.76034085904897,118.7081672735696,109.15927783348016,122.8354980522925,112.3879884145707
2007-08-01,56.48507845961517,56.48507845961517,96.15744277267366,87.147246603276,107.27506447257156,106.85380512328462,67.7559743192313,76.33412373038233,121.41867883021017,124.40012500444614,106.84903805193137,105.28417528012984,120.75778169370278,89.5727189352744,119.74193059500926,116.53255942850399,101.74405020219943,97.10892434117788
2007-09-01,59.26229385072254,59.26229385072254,137.62984645578115,114.06273804042158,116.2963471283163,118.19749743716359,138.3875162786918,128.85002319475697,133.86974821200715,140.60467785994524,107.56326470007797,106.08562330424868,127.73828328680821,94.45922169268721,123.58016062838314,118.80713866741353,125.5798087088914,117.7851020232593
2007-10-01,59.26229385072259,59.26229385072259,143.74867480286088,125.44753398560582,123.30597108896195,118.61847617627045,153.9407914830907,133.03486679480912,124.59973202309311,123.17518478659343,110.60037910830938,109.16410834296269,133.9919861523081,97.99548607519749,121.80645899207063,116.60261285044004,134.21616327613745,121.64064403269246
2007-11-01,59.26229385072263,59.26229385072263,137.92313455732713,110.66825008534842,124.61079459006324,126.02138302885393,137.69433703984816,126.5608187579889,126.96070898977162,127.35794242318454,113.63749351654079,112.24259338167667,137.6825898484762,100.75434000577307,121.15760075901743,107.51804402570399,131.51926665851585,122.0275112667298
2007-12-01,52.480821747520764,52.480821747520764,127.7695709624931,112.8742705842999,115.31841542547905,122.39732207363353,110.92281088307396,129.1075283726315,127.60228375666553,132.42367132344094,116.67460792477222,115.32107842039063,113.83758196652725,83.76418052473178,119.67947739696031,113.44895452111761,118.66781049437176,119.21688479474665
2008-01-01,48.18871092950177,48.18871092950177,125.36790792771872,112.42203546231043,108.9612401072633,107.57506048358287,125.1126821026354,101.10861574210578,114.10029056400352,112.59729348156864,115.74832335221213,114.58102019748013,119.9293252913229,92.57365626692919,121.68571809133307,104.86066919252796,116.01393094192838,106.34230164946841
2008-02-01,48.18871092950177,48.18871092950177,137.26431859636534,113.82839482869673,114.70227054665958,113.56178329965249,137.1871421619037,118.07168994671619,130.30926293109667,131.51619694130298,114.822038779652,113.84096197456961,124.24826830134796,97.53437389684682,121.68661097179546,111.85892684260067,123.74928337349803,114.60798685228382
2008-03-01,67.96370272626717,67.96370272626717,152.743401867527,121.75842928254802,114.55998512828869,115.67702201609252,138.1467967193531,126.7959816981232,151.80321144757906,157.92112367212002,113.89575420709191,113.1009037516591,125.87889528260104,99.73964557868682,126.65077329424709,123.80757626521137,126.26147259417638,118.38959656473652
2008-04-01,67.96373608430706,67.96373608430706,147.81398052564023,119.57355583189113,127.52554723801828,127.20157196274147,145.2397052068236,122.74462351975953,117.15177329950335,113.78459104948743,114.03701762332366,113.56926011491714,126.9975420821929,101.10332887251367,124.22882879131959,118.60443576493981,133.67064067451213,123.24369413961625
2008-05-01,67.9637360843071,67.9637360843071,131.3963996512547,109.70964579615995,111.18780651205009,112.69261023522321,148.202546167332,122.0395556225897,116.2430949939039,117.39639770826628,114.17828103955543,114.0376164781752,120.96722813165509,95.37241331697383,121.27870198924502,117.771329764026,124.43187253436238,115.42813605705386
2008-06-01,71.72513588378776,71.72513588378776,152.59049509385522,131.66002497436673,128.0781838806982,131.83283770494592,136.53044871300034,144.79094923466494,126.53136390439612,124.99792862968661,114.31954445578718,114.50597284143325,126.93121222212788,101.12839732213268,122.27099256482342,124.53298121152622,132.39797331345304,130.32563983747278
2008-07-01,71.7251358837878,71.7251358837878,134.07204756410832,113.65431752383721,123.31804700053922,123.36974043110241,150.90428085753646,134.37424560773522,122.50802990824235,122.25586468987673,114.23618231780233,114.55621317908957,127.04757135432362,99.06873317806891,114.83962640115574,112.85755779727519,127.37929682149154,120.15904627058845
2008-08-01,71.72513588378774,71.72513588378774,87.39946894068423,86.31898940753656,104.25803303971729,107.31774148308291,53.822410438747006,61.41377335228797,105.55181317418942,107.94831922331305,114.15282017981747,114.60645351674589,112.9003935565996,87.11211204276336,117.22051565990952,113.17586294624374,96.01782615882522,94.80445344836937
2008-09-01,69.46850223195382,69.46850223195382,141.8035454806844,123.21972514554918,125.42180699379333,131.56205572578713,134.55432120332347,130.8993418383184,132.09817755582097,135.1788619682984,114.06945804183266,114.65669385440218,130.80261842181713,101.45091595317305,115.2536580613759,122.6737695141168,131.07980288925486,127.33610918995362
2008-10-01,69.46850223195379,69.46850223195379,133.1882827501824,122.38013798595168,120.77585484910344,122.5714446258854,137.66121203832444,123.13202690116415,113.37113159062112,110.0057096481159,112.91807586177536,113.60575779275445,133.17210011894596,103.3894301427509,112.82888629234185,114.56204404736553,128.75328257363842,122.36321007063616
2008-11-01,69.4685022319539,69.4685022319539,118.16127173349162,105.26752570620768,113.22723359743036,119.87227103701956,116.86398314052376,107.32300846514197,103.78740910411827,101.93354535296135,111.76669368171805,112.55482173110666,119.98001044959669,92.66210308272649,108.95499741529925,99.92045715809913,116.37058364174308,113.40413212073976
2008-12-01,65.8045010091918,65.8045010091918,124.76791933448382,115.57842293533425,114.6976768507003,122.851238049242,92.04017032049649,118.80855178863739,102.20177297640798,101.21010962199951,110.61531150166074,111.50388566945891,111.35541102041331,87.54233740186926,102.27132768009973,108.11307510315123,111.82338605505264,117.45754042428248
2009-01-01,50.61317486899853,50.61317486899853,94.63989634785304,95.63123264178859,81.59351001233676,81.02406524206192,84.23577178953427,74.08588142903436,79.51463504745387,77.7215696774763,104.5744390135792,105.54171102536317,94.45830355570125,73.08639695928626,99.84729210393925,88.28778053828556,87.42232296709325,83.70014238212936
2009-02-01,50.61317486899853,50.61317486899853,98.06303740885733,95.44358098216802,85.08866993837293,85.44769481046147,91.59244899393683,82.70161468589667,76.95695988237152,78.23183609328406,98.53356652549769,99.57953638126745,97.19174837079682,75.24212734942786,99.11042339121485,90.336811610725,91.24831695282232,87.67144570222003
2009-03-01,74.09149622613774,74.09149622613774,112.75723617974204,110.70673999755944,99.02100375108833,100.59142745422082,96.8167860875152,100.78251000570883,98.34918767089702,104.07200821792524,92.49269403741617,93.61736173717172,109.84161479354087,84.54901729761455,97.54373015777824,101.02381608838554,103.07022679546031,102.48932322202455
2009-04-01,74.09149622613772,74.09149622613772,97.12830058404296,96.42786219083439,83.01958635941014,84.19161371151814,86.65081542326973,88.14649813178349,69.37510087603349,64.87944934945526,90.10163419313439,91.07821401142024,96.51780864843138,72.84891716154519,93.1737023310505,93.32294746789847,88.90038231790788,87.54108819298659
2009-05-01,74.09149622613776,74.09149622613776,86.17359206524672,88.62144567768121,81.73374454877614,82.89816672979569,84.92694517292963,85.47518248435678,67.53193952037647,64.37234366491458,87.71057434885262,88.53906628566875,89.30647527967407,66.8622867853108,91.46390239425838,91.33456426740625,85.78937442381441,85.15224226082809
2009-06-01,81.58876029120981,81.58876029120981,105.5967547222903,109.5950770560959,89.31687494587021,91.28980272998088,83.45736658705155,96.6410651937622,80.83707493310231,77.97146933698419,85.31951450457085,85.99991855991728,102.80806993123714,77.0322216262711,89.92752156509285,99.84242386710173,93.81251446795433,95.8312286423402
2009-07-01,81.5887602912098,81.5887602912098,91.62680628732802,92.90073694497556,87.04183762590395,88.49067678114172,97.87987580506619,98.93799845396175,76.81830971055008,74.85751134144488,86.92371079902128,87.63412589345819,95.42987653596846,71.9754301208811,85.99444829369692,87.83275023847534,90.27730381336956,89.67526507105151
2009-08-01,81.58876029120997,81.58876029120997,63.98592133456215,73.65522637049574,75.24258307014719,76.3431090437679,34.21342713864673,45.19170988129023,69.89813710986442,71.8579287238052,88.5279070934717,89.26833322699912,85.13507771115857,70.4310383089936,88.70379778199407,87.85745620833117,69.78663315617035,72.02608568827553
2009-09-01,85.95397944079184,85.95397944079184,102.73655617664807,102.87841146464726,99.76110976067523,102.313027992886,97.37467452421411,101.11291235703128,86.95355943367612,92.02176499772308,90.13210338792211,90.90254056054005,99.16655226282998,82.68130016576853,88.25900900762628,94.83466669667932,99.5778510472612,100.59677419803145
2009-10-01,85.95397944079191,85.95397944079191,96.91872212296167,101.4554789228652,92.11069671894191,91.92500036987077,99.3136055538501,91.03262595096787,78.51540075563305,78.75373651276074,92.30701640719903,92.93775634320079,96.46382213486329,83.60131758732612,89.98253533383819,91.45143777504076,95.81062916453867,93.87369909321835
2009-11-01,85.9539794407919,85.9539794407919,92.56351817738953,93.24660787913243,92.53172543850334,93.68182976750634,96.70381780091509,102.90586644431598,81.95831705654524,82.63569586247672,94.48192942647592,94.97297212586153,97.2927501594281,84.62362924181244,88.69745715998171,86.51853846596914,95.72487516524947,96.26206920478026
2009-12-01,75.10264160112864,75.10264160112864,98.40353383054428,105.02337012710268,95.06981896523075,100.74163947295789,80.56690972353701,117.6642338861139,90.08949303152757,89.40866580731577,96.65684244575282,97.00818790852226,89.71443967563648,79.95112832217444,88.48545068907231,95.93848748546712,94.59064434707096,103.09105922481278
2010-01-01,68.99174320988546,68.99174320988546,82.46540441798008,86.56390524104958,74.33291338590178,71.7871613266877,80.08267868632144,74.16909308738491,78.29928539951135,77.69073370230339,95.17911305357327,95.54552234689083,79.56907278107575,76.32921966655023,92.3500810191305,81.83154777776694,77.93404398549734,75.90699769662018
2010-02-01,68.99174320988546,68.99174320988546,92.54634390121724,91.36399411281927,82.57801744656349,82.84504130863166,93.70854160870117,87.47235840104055,89.17635659982248,91.32636432156808,93.7013836613937,94.08285678525942,87.50833238576658,85.50091862341056,94.13072373687041,87.795060544027,87.33446418574208,86.52231958334166
2010-03-01,99.29836918297423,99.29836918297423,113.37777658145153,110.75118646166248,105.24065506278004,106.08901306510614,109.47485578499958,104.16446956562427,115.04983149108322,119.0280405223806,92.22365426921417,92.620191223628,109.60522664593879,109.35239436582404,98.63646845371069,107.25083893975962,106.48900272304864,106.0159843258735
2010-04-01,99.29836918297426,99.29836918297426,97.57841868161323,98.13639393523168,92.69110175190305,91.24785360226426,100.99082851408208,96.27084697176151,91.00005812690374,88.854014800226,93.72336002862528,93.95575257377311,92.98643785412669,93.01510537177967,101.14551527569277,100.37982514791742,95.11757210278027,93.7478381756721
2010-05-01,99.2983691829742,99.2983691829742,93.62665220751228,92.36484738926137,92.08983186243067,91.14904458489669,105.034346015801,101.76599123667782,86.86312173720097,83.39892144975495,95.22306578803637,95.29131392391822,93.31874304059473,94.342685684191,101.67714623674442,100.65707553848519,95.32539653548649,94.27467332663767
2010-06-01,107.43463699304591,107.43463699304591,114.85687335372407,116.28529895188414,106.1782554689197,105.91761199812633,112.26252044212497,126.81904396245827,106.12927128007203,105.25394824655872,96.72277154744748,96.62687527406332,105.4545585289798,107.3003550785549,103.45632114556166,109.49015222391147,108.12765702142208,110.925394158844
2010-07-01,107.43463699304571,107.43463699304571,96.00472063403038,95.96208838930667,99.38715084783112,98.63127856761047,117.19941797432745,107.6247695363772,103.63212326002702,103.50217321079913,97.8856016283498,97.81358459768893,99.78726445203897,102.16514657477596,97.9431406828223,94.35893915832443,99.83948716248817,98.6625057526817
2010-08-01,107.43463699304576,107.43463699304576,71.26641167557558,77.40844044945612,95.14498407057535,95.50395680607635,49.68894191133165,55.044850301208555,95.67158218098417,94.59467123083473,99.0484317092521,99.00029392131452,95.88975669280119,96.08243469367467,100.55025933907784,101.16942386080825,84.21616553835399,85.65219915935323
2010-09-01,113.93916501738974,113.93916501738974,113.65764646817837,109.250598235045,110.93682890900341,111.9349853654861,112.93271363080206,109.43690788182398,115.96001572551289,120.76502023808568,100.21126179015438,100.18700324494014,110.83769020284372,111.48687390606979,100.82868389610084,107.80305921831976,111.91555899744002,111.91327191314379
2010-10-01,113.93916501738953,113.93916501738953,107.91652819217965,105.58251690162805,107.04651516611138,104.86414633585268,109.19690021953575,106.22853277289553,100.71657970334856,98.48027317245804,103.75494532449758,103.64664558241628,106.24344251698626,110.40037990974403,103.20438703759864,100.57530965309635,107.124568857981,105.74399390892079
2010-11-01,113.93916501738974,113.93916501738974,105.2264019593669,101.2120395964527,114.55497014483711,116.06550056387836,112.5303274517293,110.52923376639103,107.03200880456818,105.12196211270943,107.29862885884079,107.10628791989244,114.89178539479369,112.99536839140626,103.42674468607106,97.67270019002244,113.2664866718103,112.11722425137641
2010-12-01,100.00000000000004,100.00000000000004,111.47682332136701,115.1186620338649,119.81878800277742,123.96440692240058,96.89794949118684,120.47390088782822,110.46976569096545,111.9838769923215,110.84231239318396,110.56593025736856,103.90768950405393,101.02911400000882,102.65049797304073,111.01606774756108,112.71810653026651,117.9350654448146
2011-01-01,85.43526265894855,85.43526265894855,96.89475661504916,96.96065618546842,91.40024989507477,91.87918955343085,88.39698332586315,81.91104755808414,96.05498042500069,92.17433148799154,107.36613564442969,107.08608354565094,95.9868012399951,94.43173522654588,106.54265875464569,93.20828263294126,92.53123802393806,91.1778262143713
2011-02-01,85.43526265894855,85.43526265894855,103.2946832226151,99.92029879652219,100.8184072021063,103.39986255256738,104.09904975813299,98.76943595940904,107.44330947785623,107.5620966601195,103.8899588956754,103.60623683393334,102.50582354575498,97.97602153754379,108.9433674919574,96.89808663283652,101.18089690212142,100.90000509542952
2011-03-01,116.93703086330952,116.93703086330952,121.85999601348965,120.65654122852379,123.00102283756532,129.37480179180355,119.55834292697817,118.91410832743904,120.05495815536734,121.24384124825339,100.41378214692115,100.12639012221572,122.05356111360517,117.29279084810605,112.57701175459212,122.26125039992851,120.08153494091437,122.74277288525646
2011-04-01,114.7686856587794,114.7686856587794,104.14429739817689,102.31769726725229,103.21141309353857,106.5227457933094,107.93631699797099,101.6614408835245,96.8689549277033,90.98602235507612,102.6195543762267,102.2316222040861,98.21109560653885,95.10744976634848,110.97705675336091,108.28029796203501,102.96724485394904,102.91579679122594
2011-05-01,120.915170505564,120.915170505564,113.96487284919087,106.58418025886996,117.01920484851856,120.38189099302136,118.97605340735737,111.87520208144869,99.17032895688176,94.32703066795716,104.82532660553223,104.33685428595646,110.0171482833385,105.6077315471278,110.545717846488,111.2258751556461,114.93969655373743,114.62518910069964
2011-06-01,133.79413869797847,133.79413869797847,108.85394186957878,112.99933518155197,111.07689842169253,118.00547158735803,112.6507197726659,117.88336093201929,117.8614032385875,115.8957070765074,107.03109883483776,106.44208636782682,120.30798986671107,115.15990942690763,112.29690543260462,122.54860087325886,112.94706677756918,116.2065608208214
2011-07-01,117.24120143642557,117.24120143642557,101.9543608754066,100.55866687403442,110.78764264899988,114.25398330821875,116.05245362246983,113.43327938765248,110.26283777374294,109.05300491180355,106.66026946903487,105.99346837171989,107.2194443608757,102.01390937094547,106.08237085018676,105.23966958881532,106.83393607881213,107.95740637880581
2011-08-01,119.54413769839071,119.54413769839071,74.79005812416617,83.85752084556303,110.61446734447192,114.12668320453619,56.225271450870785,65.84738629212472,105.42945566886587,104.15895744423102,106.289440103232,105.54485037561295,108.71345438056144,103.76047926156257,109.09391850535974,119.8025403924833,94.80598598126346,97.97113952472516
2011-09-01,126.71509828489322,126.71509828489322,114.8951423912019,117.6576953649047,121.76553510815472,131.0931116425225,114.37863166269109,111.46001058220324,118.81866681818587,119.49338977346403,105.91861073742912,105.09623237950602,123.64998778847688,119.78328087495278,110.29980226675467,123.37336730012078,118.65635280074888,121.6565236962967
2011-10-01,122.98278783023537,122.98278783023537,104.57421367858221,108.89487564884875,108.77927316566418,111.7814781685627,109.08668466476257,103.91527214449981,104.3541967653919,102.25902995287078,106.0309896919396,104.71828466170999,113.32353103216828,106.56967303298373,111.8986716428688,114.62601394329866,109.50816824684871,108.9312636952279
2011-11-01,130.34307837837397,130.34307837837397,110.52599725382501,106.92480145971454,122.29747416319367,128.7143979222532,108.93655608439961,108.31336235686274,109.10216672726337,107.94823529542512,106.14336864645007,104.34033694391395,118.90772303892496,111.86374359738771,110.99107108062904,110.48712580156715,117.58701108395526,118.0570525959007
2011-12-01,146.1732944655462,146.1732944655462,110.15902674026027,118.67821737782269,121.54307678336504,132.06236922441875,92.32558807447604,119.57562741353468,110.94865241513111,113.3827534326886,106.25574760096058,103.96238922611789,104.31866789708387,101.04114392429506,110.07480979006269,122.77854388691928,113.52193257711488,122.30890282660981
2012-01-01,94.77453887128351,94.77453887128351,96.77583512346028,100.8216829135337,99.58982255944849,101.90708229869256,86.7313000335304,79.01588964107412,96.53950477657726,93.9760782073013,104.45456165483849,102.16025043609567,105.4705717586873,99.94642726075462,114.67072699331743,104.55051496148651,97.31835459182018,96.58773507808498
2012-02-01,94.77453887128351,94.77453887128351,101.58686447251823,103.78507807785563,107.97861808420053,111.48449941769488,101.9106035711595,93.58019404277081,109.24394452100472,112.64349097430126,102.6533757087164,100.35811164607343,110.7918024361085,105.4003520546399,117.73439391386009,115.72869105716508,105.48145756106248,104.92566355778848
2012-03-01,131.35531140754932,131.35531140754932,116.51639875023531,119.53963798786081,126.68144385422124,134.6872283438779,113.17284202807495,112.87000398296861,128.1026197806414,133.4770762286863,100.85218976259432,98.5559728560512,125.2040123158658,123.45351773976563,122.49493232276795,139.65932527774874,120.40627667023482,123.40455191809465
2012-04-01,124.18077001833808,124.18077001833808,100.29804474257827,102.57094896104503,104.38618941945934,109.1125131485491,97.77104604741896,94.47273779239103,97.57644483753201,93.4404940820331,99.58007167986086,97.15689451552109,108.9140430912693,104.58041430147273,121.39135634807145,123.32855255825898,102.48584713029034,103.8886669894867
2012-05-01,130.22801736464447,130.22801736464447,96.23844050103811,99.34300490195699,110.55531175166277,115.70937748326809,114.91495037113405,108.17272343028291,97.72807372888936,100.88383117703738,98.30795359712741,95.75781617499096,119.93281091057534,115.82962569630882,120.68003432630896,126.80703403198461,109.66931300069886,111.12095764116783
2012-06-01,146.32995484320654,146.32995484320654,114.29660297389043,117.64792991157815,116.48349407711726,124.41031456251154,105.08847410022656,110.49056914713829,110.39936443440402,109.96675185109345,97.03583551439395,94.35873783446088,120.89929914107725,126.33852229985835,123.34051396714447,136.62293928829368,114.34236644999893,119.34552087154749
2012-07-01,124.6507842718219,124.6507842718219,108.21765930411324,103.67055333950704,114.17707224676036,119.50884861047423,114.12842442105462,113.34505571674288,104.91534776310006,102.95321185403269,97.78921038103962,95.05161988116049,118.97706689605751,113.14177990484362,112.94816384180271,118.45754499320466,110.4698727415053,111.73283596835596
2012-08-01,128.60445064544507,128.60445064544507,74.96083694138964,83.99695642430518,106.96148960785396,113.67004619067288,53.15899035471988,60.95060594884831,97.11641320635283,96.61181868962024,98.54258524768524,95.74450192786011,114.30018876220078,108.17304577295236,116.20549303737388,124.73398663155783,93.96943868450755,98.2825384017918
2012-09-01,137.58847667266554,137.58847667266554,110.7057088319371,112.21704856816791,111.511898785527,121.41359302010359,101.05373590518546,101.96320495519294,107.59407799625986,112.40237681245723,99.29596011433091,96.43738397455974,113.2469285783041,110.07324953559441,116.68906343272242,122.95463078194399,109.49554489456368,113.48173908355982
2012-10-01,134.23814713353565,134.23814713353565,109.77938179102586,117.55746775578426,113.19288678362241,117.97697780890573,111.17034504825455,107.69580504744961,93.98382837911498,90.74324670314301,101.10951692034254,98.37177577420015,120.73752386433117,113.6911479925396,113.64878905705099,122.59606364813506,113.8003923525961,114.85993675087207
2012-11-01,147.32632777666328,147.32632777666328,104.14859169530448,107.29862425189705,116.62043940179328,121.95901103775002,101.98567566402528,104.12637726447831,94.18805945968727,93.80513085590306,102.92307372635419,100.30616757384054,121.54158093194397,117.23282266730614,113.31017779951229,118.69397329964401,113.11870012735461,115.06037223105064
2012-12-01,166.2424699827717,166.2424699827717,105.53754119611816,111.62397632021768,109.9515066775572,122.61682827165924,84.13031979757716,111.1667026617254,99.14629690715667,101.50205527627408,104.73663053236582,102.24055937348096,108.00578597399952,101.05117153882294,110.13646022036247,122.48879510660579,104.89547979372301,114.14156901204818
2013-01-01,107.3879860321092,107.3879860321092,91.73893835189484,97.43171539553119,96.36321857334406,98.90090957476902,91.34020700059564,80.20560405855613,87.57889140108358,88.56529475433746,99.8333849258852,97.41469837965774,101.12487130297067,89.10458242380624,111.79656903917454,110.55524668774568,95.12888143021216,94.10981014261137
2013-02-01,107.3879860321092,107.3879860321092,94.40885042109186,99.56533466001584,100.89793033505592,105.06518452389045,94.99351665526513,88.85900637885058,96.65091976869616,99.02067802222628,94.93013931940459,92.58883738583452,104.7624317299405,94.3707672474954,115.41945194322892,117.58415646564828,98.6915919761763,98.51350107562774
2013-03-01,151.7082381827719,151.7082381827719,110.14276159951874,114.36200542590517,110.21381379444549,117.42883606086724,100.8968365346531,103.62023834000895,123.27606610797564,131.29348537016514,90.026893712924,87.7629763920113,120.95375727683022,109.95972443790315,118.28745938620774,134.22995870731123,108.76318248850434,111.34097527366609
2013-04-01,145.88419270447827,145.88419270447827,102.73441284278151,106.70327124072278,112.0524545793723,118.05630763117331,96.99465767679169,92.90535485913585,95.89804002046728,93.99696856275264,92.3007665621451,90.00704093921686,112.33914308321926,100.5497466237781,116.693258082665,124.34177277094875,106.79044168834025,107.31446153208829
2013-05-01,154.5567710330375,154.5567710330375,95.29673543884957,99.5962507710733,102.23569191210854,108.58442249042213,106.14484447267532,105.70764928471627,99.08085509765229,97.49185713715035,94.57463941136622,92.25110548642245,115.76584220568208,102.67259331143065,114.02021561349996,127.952203323352,104.1542259624257,106.64927576131336
2013-06-01,164.36069543572648,164.36069543572648,112.27028587416653,112.41074769544971,115.32753441791351,122.95834503100488,98.77193837801471,106.593309743757,104.53340903092439,106.53696929218289,96.84851226058733,94.49517003362801,122.77800173028623,108.65300604346574,116.32869511928881,128.18228468322238,112.09466256191038,115.18571897706165
2013-07-01,141.511118978346,141.511118978346,108.07836190206368,103.29672763498644,113.36606971754486,118.89312253628981,113.93500273493102,114.09537542081627,108.29670973957317,110.17660876535453,97.35870175859596,94.97363106305082,122.03867539222561,107.62006404789392,107.85435238149789,115.95886674509784,110.43256813064097,111.36892677166749
2013-08-01,146.88585506495747,146.88585506495747,66.32375384155986,80.93484292084791,100.59125631197105,105.3956746511914,47.870408174569896,59.20978661607047,96.68137961960706,99.54229047041194,97.86889125660456,95.45209209247363,110.37828166819591,97.89318963938827,112.67791935694834,119.39948258460413,89.1219013035458,93.07954107407483
2013-09-01,160.27187740141665,160.27187740141665,106.95316450750822,112.9918035773958,114.67433982476526,123.85430695800103,100.49511954448911,103.3285006079393,112.03092085318463,115.76778348831472,98.37908075461317,95.93055312189644,122.46755350370267,106.65011097620189,112.92583158608916,122.00158582270839,111.72479216605551,115.80489315026426
2013-10-01,158.19277010630893,158.19277010630893,109.20784415963406,115.08545933490711,113.63306221740137,117.79555366559885,112.49517867490806,108.69546525217423,106.3427441327632,105.83995506464497,98.97263239060663,96.60051985679297,125.67434933045584,112.00855478889736,112.40565389221862,119.76073687866973,114.78085449946725,114.76093188396486
2013-11-01,172.83690609177617,172.83690609177617,99.67911706835531,101.86097738341493,115.53036621602386,121.49291521297661,98.55958119995938,104.84819113859675,104.76881545914145,106.3088934406767,99.56618402660008,97.2704865916895,116.83493135532811,105.1552577427558,111.99589970332053,116.3635623663747,110.47990980887218,113.3456793085735
2013-12-01,193.87546275090165,193.87546275090165,104.04379672764694,112.33994845145527,114.73940925586007,127.5244578564204,81.83700583727031,113.27316241446262,110.1410609232354,113.03614229104889,100.15973566259355,97.94045332658604,107.49427741452322,96.39933620419282,108.079484707743,122.90308982490156,106.56454185852193,117.00096052443617
2014-01-01,121.87188888322999,121.87188888322999,92.45656752941457,96.25826493076642,98.41833544529108,103.09285578811516,85.48355001668432,81.36194971391716,106.04966522768856,106.63400628273645,99.10139611673057,96.79802622768685,107.20314377294146,98.05023912330567,111.81509771920726,107.11743287836066,95.80867583970945,96.61818139335841
2014-02-01,121.87188888322999,121.87188888322999,95.63328283766225,98.06178870214103,103.64986500074937,109.06841218525192,92.95045838122864,91.72995808126426,111.97703980323953,113.91563437843224,98.04305657086759,95.65559912878766,108.20288906545494,98.0079130711768,115.56352162393321,114.6977779867115,100.73326111444227,101.55899239411626
2014-03-01,167.85656971015553,167.85656971015553,111.97897755492397,113.11242269745917,114.56861174160963,124.12507367837078,100.15292952588469,104.59154873861367,141.47879836124395,149.33506518290818,96.9847170250046,94.51317202988847,124.5929168343129,114.18535003862044,120.97632499468577,136.69117308797468,112.39298131848962,116.36702307822605
2014-04-01,155.53995026972274,155.53995026972274,100.69021315777317,105.46350740143158,106.699672177942,113.09454906953061,92.7191687116747,95.02369697070323,103.69268855866903,101.3818560481884,96.38530555919814,93.8498975339155,107.87359787605445,99.33609119400819,117.68342943901625,123.43551268289357,103.76581335728322,105.95677784546815
2014-05-01,164.62168496951028,164.62168496951028,88.15304501146308,95.32223908763758,106.6406914833976,112.7931291057335,97.28073398985224,99.47635756132956,102.8625129044464,100.98243996977469,95.78589409339169,93.18662303794258,110.59262859195535,103.96666804934783,117.43698974501714,126.88852182409154,103.42507215549705,106.4022231871701
2014-06-01,182.37722715668463,182.37722715668463,110.79369366590109,113.8246328413159,109.55010672979512,119.51228357554872,95.48180956649563,108.99680308569569,115.83492369021789,115.47441392955649,95.18648262758524,92.52334854196963,122.99394778455854,114.72207667267662,118.79357979440852,131.96761052485718,109.47386591993326,116.13354257815651
2014-07-01,161.4300969389246,161.4300969389246,103.64250259004228,99.74774491281683,115.46463982908254,122.08129354345174,107.82475079981789,112.90322503660157,117.11133809887504,117.17552947485147,95.0708124258958,92.3778990265152,117.09582193196586,108.60065509006596,110.73597900488538,120.01376467786632,109.42709955796438,111.95412847338785
2014-08-01,158.13395472532986,158.13395472532986,61.53596203386397,79.74481275891291,99.16674071283562,105.73346681656466,43.96755433799477,55.07306234271559,96.4627095381617,100.38747395242567,94.95514222420636,92.23244951106075,99.0341799009267,91.01581410960334,114.82542279686122,127.94970873194436,85.45740847604466,90.75853079423193
2014-09-01,176.97741295555124,176.97741295555124,109.2266167767209,113.22695395758228,122.18468290679222,132.4296537867046,98.64007112513384,106.38965491755097,121.98138137640962,126.41781233525707,94.83947202251692,92.08699999560632,119.22514250401342,112.81504711276368,113.21986886239529,134.76364402281348,114.78053055426328,120.74481373658024
2014-10-01,169.77351187608755,169.77351187608755,101.788408766409,110.61398764442882,115.94120488218927,122.24596940442801,104.84029166641965,108.65508537873612,111.68301543402818,109.86200142912689,97.91797410716353,95.1910311367926,113.9544127209079,107.26866699690598,114.51904587057463,126.64106482698155,112.57440182367428,116.13240845723125
2014-11-01,179.46641061976396,179.46641061976396,95.26776150002095,99.32190185537782,115.37098765750419,124.25123806884218,92.64950613577061,102.75863801560465,105.87412035365794,106.33363934755896,100.99647619181015,98.29506227797887,106.09843945035935,100.47513467958018,114.65175153847329,113.71833110885915,107.5284573320506,113.08253772716436
2014-12-01,200.58667112678302,200.58667112678302,113.6050588174651,114.9754990353447,120.60185981009869,133.25042939905282,83.25317697269867,117.01072876832038,115.54101288235799,117.74310460295433,104.07497827645679,101.39909341916517,105.37541370023297,102.21207894350005,108.4567906253193,126.0950067515898,111.31834668020464,121.69234126742207
2015-01-01,128.1746959924139,128.1746959924139,86.01675443982793,92.743198247909,93.46054183696634,99.82205978049933,78.6293628624988,77.43661903407492,108.95213311572218,108.38627340229293,99.13383301065345,96.42851703588117,92.5121435980993,86.44541651644208,110.90762183335067,106.71256131731279,90.85902945634727,93.62309236479327
2015-02-01,128.1746959924139,128.1746959924139,89.67738849270029,95.41266487111055,101.55128995195443,109.47650971502591,92.6488296568403,92.15517291967528,109.01156240432658,110.28435221022848,94.19268774485012,91.4579406525972,99.18219696462116,92.4392697616405,113.49618879699271,114.42649723046311,98.98737132379961,102.61988929777279
2015-03-01,172.91778851892707,172.91778851892707,111.0780337477695,118.29610744413236,120.59733720576065,131.5866851233788,102.05330348822457,111.21711650415688,139.09467291344507,146.08175752748465,89.25154247904676,86.48736426931323,120.58932253667857,112.64015916720932,115.29500232897306,132.3998801069228,115.57910245087741,122.71671850466696
2015-04-01,156.7049807080654,156.7049807080654,97.47594294583617,105.07762604624773,108.5364297968249,116.36649111188945,96.51855536314694,99.51445286290861,103.81795363150539,100.07298194576455,90.08893773311304,86.16542207200443,102.90144459522043,95.31926330405044,113.286805433433,122.31842420714503,104.78712052337478,109.02124828786629
2015-05-01,167.25113860444117,167.25113860444117,84.41641874880419,92.86682090566342,100.88741786355382,111.28974939048001,98.09837042408064,103.57269133141858,99.54894186603657,97.98193858877895,90.92633298717932,85.84347987469566,96.82760098887191,90.14534018262464,111.71444034153998,121.18709737474224,99.35639490642826,105.20057638044118
2015-06-01,190.17578119996313,190.17578119996313,117.6642960041883,123.11124898248185,120.73067090056732,132.5954702981493,99.36911480644027,120.8037286065631,119.65779040900641,118.10901504056976,91.76372824124562,85.52153767738687,113.14574252571468,106.0818947963433,111.66305941017612,131.5788765980651,116.07829912182038,125.03850087987904
2015-07-01,167.01315357193602,167.01315357193602,97.56553398551225,99.94896981957844,116.13869927874204,126.02423891673963,109.58716319803797,115.54632332760734,116.88336770194222,115.72304478027083,92.61158754658932,86.26508351634293,103.72641537834788,97.0343436488652,103.42771056964646,116.69820652207758,108.74741410963192,113.7289937224222
2015-08-01,166.90204233527263,166.90204233527263,65.06658670775143,80.6748304190397,99.41976650567635,107.31273645175389,46.37649521322933,58.532935732345294,96.26500653275724,99.17025254382459,93.45944685193302,87.00862935529898,91.52474165208272,85.48267868431954,107.82599698454396,119.41803808946425,86.044517006525,91.99372283651077
2015-09-01,179.07603894860145,179.07603894860145,107.68654347817852,115.71553083679875,117.43834770989879,129.36090670522142,102.58418713046211,106.12612922698837,116.152500864341,120.46731400265342,94.30730615727673,87.75217519425505,109.99943282884958,104.82793154601674,104.8798970042891,124.07618062119471,114.47036881236053,120.29002487511491
2015-10-01,173.78781536257944,173.78781536257944,102.78412211749315,110.76924557827141,115.75923794059013,124.25008978897914,103.37206603840215,109.69284319952054,105.4253663188269,104.7522952733655,96.64934404152254,90.18352866298318,101.09462823802663,95.28657542415087,105.93443982653244,118.65026855186674,111.25482382101539,115.70014451970968
2015-11-01,182.8419972153243,182.8419972153243,94.44300105945598,103.67955562608738,117.19222275869075,127.00453300519511,99.273759578696,108.76421619138767,104.66079174271682,104.25531611732168,98.99138192576838,92.6148821317113,98.62320150789677,94.14652942707116,103.56195041487659,108.88894133603677,109.88364216103085,116.38581103418953
2015-12-01,203.0371281243467,203.0371281243467,103.04699362606165,118.88548975224548,119.07867705593333,138.6426228185753,83.30727268914674,121.96939051880322,110.6783167023251,113.15859134746006,101.33341981001419,95.04623560043943,95.35940517050796,90.5998327289454,100.0378051556055,118.46410211588166,110.00957376176467,125.81264407025837
2016-01-01,133.50769024761166,133.50769024761166,85.05966663930575,92.99115690377216,90.09698983404863,96.18783865420096,79.22923491619079,75.28032470045517,97.54676144250763,97.419847133858,97.00556661410585,90.9408122036702,84.2158921139466,80.93071736321534,101.9711254085444,99.56899452990145,89.14197117957744,91.10926488429072
2016-02-01,133.50769024761166,133.50769024761166,95.19872989821407,101.43970348181843,106.91285905319873,114.91166075523984,96.65381332602634,95.99271216762124,106.28115504853582,108.93917627794889,92.67771341819753,86.835388806901,94.44087545943903,89.99611629422886,104.34047402474059,109.28543908669576,103.16180065172183,106.5979684534171
2016-03-01,183.3148173815822,183.3148173815822,108.35464690839501,116.44736752013404,117.24586335954031,129.473166134596,105.9514330770065,109.92528469982113,137.2608488882317,141.82420246402384,88.34986022228917,82.72996541013175,108.91102909420175,106.38375055563282,104.9400927848386,123.18883476480912,113.28065491306306,120.03899789210388
2016-04-01,163.14599886835487,163.14599886835487,96.58626167318347,105.30900972199699,111.39409254567403,120.77108840488413,96.01540443936821,96.72155241184589,101.30067182846958,98.06807745993827,90.05827529299792,84.35062301395263,95.28167520831583,94.09798573074292,105.70949593229341,112.80302321944353,106.5568960739078,110.29980330107901
2016-05-01,180.54569767917823,180.54569767917823,91.13001228071502,98.61197538708328,102.09184574579976,113.871655826505,105.34886505146848,105.82881016468603,97.75778822779411,96.06602227006645,91.76669036370666,85.97128061777347,91.9545630079296,91.14017079748366,104.11563136933049,113.15890514935792,103.07655552503098,108.2101810064383
2016-06-01,199.85926204227158,199.85926204227158,107.80975163750051,121.71469907113749,123.45310152977683,135.78307973203155,98.85108795026407,112.20030926159171,115.48978234214384,114.55727963039125,93.47510543441543,87.59193822159433,103.64284168597884,103.74925331293753,107.18609622226396,121.49868119943542,115.96303686010235,124.25546684433002
2016-07-01,174.1236878641143,174.1236878641143,90.06973280590911,91.32258866634821,104.4382692723709,113.48031151631892,102.34750054888187,107.35809548188145,109.51141919659241,110.63392417725969,93.23744724628737,87.33618139974193,91.11027763980034,91.43881711012173,100.85817447458676,103.90423667117561,100.66554345016712,104.59680799907785
2016-08-01,174.17733541064842,174.17733541064842,68.81895693888453,82.32081258100952,107.46738649131706,117.47236782149021,54.09295076011246,65.85898896405564,101.85270008869765,102.3024794852673,92.99978905815934,87.08042457788953,91.2643226976299,92.57103751167983,102.3910192844684,114.23518914823708,91.93455924362677,98.98030606854886
2016-09-01,180.4796229632508,180.4796229632508,105.92454054117204,113.09880434098268,121.28880996855499,135.3855794185162,103.68586975500769,109.84006631331796,121.61658760065312,124.90174008773991,92.76213087003129,86.82466775603714,104.2697661332811,104.59065028412219,101.22007877475801,117.41736569715327,115.70201477530017,123.46272905819369
2016-10-01,181.95702419212333,181.95702419212333,95.26794211509124,106.16285472616343,106.06891081863745,115.24214594528345,102.95075268274472,103.91741432278461,106.00791262654604,106.15193737283838,96.55453047810659,90.39225968623342,94.0284821998544,96.39492571018718,102.27875802158765,110.73855393642728,105.38639802935282,109.34070865083626
2016-11-01,194.75367012227588,194.75367012227588,97.33877944354046,107.76363599429858,123.70959143264581,135.95948627735763,103.38221922322296,113.29049065339338,112.35997084174575,112.4055914372108,100.34693008618191,93.95985161642967,103.51668158216886,105.87551018596855,100.86796080241999,105.36790270217946,115.21708585070078,122.64877118169915
2016-12-01,214.81068534657393,214.81068534657393,106.97640731973667,116.37276228704337,122.73338056423944,139.5223930992632,85.67631082924622,136.41024115332408,117.23822367007806,118.80039068009468,104.13932969425723,97.52744354662593,94.5216194186987,98.61805060207668,98.9988922072938,114.92836033232558,112.78202363577799,130.3188620461914
2017-01-01,147.15575445608394,147.15575445608394,85.65802544154688,97.47392218578753,98.99545126648884,106.88058141919966,85.49911803338068,80.35512537447349,103.96478958490714,103.40171716795557,100.74250117176392,94.33733332713537,89.20387436052995,91.72583548630418,102.27523347309207,98.89252303571891,96.3152715177015,99.24297748362542
2017-02-01,147.15575445608394,147.15575445608394,89.08778946567199,99.18098033542253,106.06718998420651,115.55588060787656,97.54787481098104,96.76924712892429,112.77742750507404,114.4625851004698,97.3456726492706,91.14722310764479,96.67911230299256,99.53064933208073,103.75646502903359,104.73455727104611,103.19749812362643,108.05393120328823
2017-03-01,204.18122982796675,204.18122982796675,115.39782431880072,125.07151371657403,128.49593326301078,143.4082138208955,115.64874569627358,122.43068630124615,139.57538212225728,144.97890038940798,93.94884412677726,87.95711288815423,115.17010406769366,119.81356445726347,106.05058848297796,126.30029270444723,124.5200137856541,133.35922307959098
2017-04-01,180.64515053113286,180.64515053113286,90.69510282818261,101.2354721250276,102.48527603608743,113.39769145312228,90.101946980528,93.16185949450609,107.52823759459525,105.38775487400413,95.11193539270222,88.96473633365845,89.74656922932009,93.01851827041516,107.06300383922148,111.22894354087657,100.13650696460051,105.96628725396519
2017-05-01,205.54004620193518,205.54004620193518,95.98075221377965,106.01216594816336,116.28254813718806,129.93925702211214,110.35341630369369,114.93592252351876,109.30739659171489,107.99541625376112,96.2750266586272,89.9723597791627,100.7430084665568,104.27514835680478,107.71467131295476,118.02885162938054,113.7415696582881,120.73280354789675
2017-06-01,231.39253291152275,231.39253291152275,109.28956254356152,124.00734297390194,119.5333012543098,135.11093575063404,107.40140500693633,119.68547825278115,126.2206099491214,126.6137006108194,97.43811792455215,90.97998322466694,108.96407236340002,112.04024998956422,110.13937908781232,125.49870343482175,118.47294282900187,129.04032539757983
2017-07-01,192.83875287908566,192.83875287908566,94.43888266034234,97.93144452103022,110.56755762424764,121.84961512565563,109.13946708134908,113.51104748038313,115.79434886482787,116.76957509088506,99.03606084936256,92.4788783452323,99.06536621024053,101.17853642425115,102.82813684165947,105.87761710870387,106.97544870847067,112.56676924880699
2017-08-01,189.75928641343893,189.75928641343893,68.27012062305937,89.45722865290051,112.07003785351475,124.47002809492818,58.7032098707742,72.5011714140888,111.3884579371113,113.39077394767251,100.63400377417295,93.97777346579768,97.38819557610917,99.72961304802139,103.95350268689039,117.46300689341227,97.06707913524131,106.51069492833474
2017-09-01,191.07754431439426,191.07754431439426,103.63159004685018,116.1292854806899,123.27993116250614,140.4958199497069,103.84479624785021,111.90857152952215,126.70602283744753,130.76046449502232,102.23194669898335,95.47666858636306,112.14458236664653,114.37329125792009,106.54288583596143,121.37979745705896,118.32568762089784,128.5523896671661
2017-10-01,204.163179614988,204.163179614988,107.66668582764697,116.69676811549496,110.61257654903349,120.92960332527383,111.51526156348967,115.92885546149903,116.54982831282288,115.59485807634454,105.6017331532584,99.12190106887324,108.82934189057228,111.18461344569266,107.82781265736024,118.28084181989081,115.34329707624605,119.76592342304816
2017-11-01,200.9770525762263,200.9770525762263,101.04912096640639,115.52407610042,130.86996240123298,145.39614749639574,110.61038833463309,119.98724232444953,121.62322997158957,121.80163081568476,108.97151960753342,102.76713355138342,114.17035877518018,115.18279177933421,106.32205596204061,112.37085970361292,123.07223438490755,131.8452993779363
2017-12-01,238.36901417172038,238.36901417172038,101.39711803656567,118.4136779171693,130.0928143067119,151.2970921658334,88.96374632997951,131.60383278842,127.26067674117118,129.73986138229952,112.34130606180847,106.41236603389359,102.01410119346534,106.49525962463235,103.1642875463343,119.26838148030699,117.15904126341495,134.852654579507
2018-01-01,163.73062570067853,163.73062570067853,91.00662059398458,103.81071460505436,106.5977256856632,116.71975561247673,96.1709455371261,86.4179900534397,112.44319568933471,113.69166918987054,107.83093060347143,102.15309219008174,104.05222094849591,102.47923079419824,104.66125666208772,105.93709880756536,105.22743408195629,108.94977120978974
2018-02-01,163.73062570067853,163.73062570067853,91.596398431365,104.59075682753543,109.38054036299926,119.49210032814358,103.26589675227538,100.50953260813505,119.82189593598135,120.85653075514578,103.3205551451344,97.89381834626987,101.09255748532888,100.07860191476203,107.6995763585816,112.63377936582617,107.98743369824604,112.7379856937194
2018-03-01,227.20351098475174,227.20351098475174,111.96626875683691,121.7184610585183,125.95201040262954,141.75132690871868,116.11133566520917,120.22469283687605,153.89867755072538,158.51242767399737,98.8101796867974,93.634544502458,119.91029806454783,118.61915639422968,109.03201841772056,131.0143583240567,124.04490549484036,132.24397648349571
2018-04-01,210.32128075139738,210.32128075139738,92.235176126725,106.60832904013738,113.46662273075597,126.37648998709477,101.23974153294657,102.88395311692564,115.53786314266932,114.87779606696401,98.44283481350088,93.70339826298579,106.07846897921449,102.6218323373071,111.63782483418916,120.44508119749746,110.64143525817715,116.91983149795087
2018-05-01,221.23373561270904,221.23373561270904,88.47816160715456,102.27024435312003,112.10453936954119,126.23917174434237,118.22067841008668,120.60909393430748,115.37744891737492,114.22066453102495,98.07548994020435,93.77225202351356,107.18571567667922,105.07882559245569,109.98384055644777,126.23618837502836,114.28169837392299,122.13464510258878
2018-06-01,244.1522614851238,244.1522614851238,109.74914692073854,127.09960400751599,126.9605073283978,147.94740338113056,115.24973462183075,126.98761108597233,126.9074717123414,128.14159420849387,97.70814506690782,93.84110578404135,111.15209567086467,107.57493053694415,112.65945710107684,133.79752003274194,124.09589193373648,136.4887476584763
2018-07-01,207.8347425723495,207.8347425723495,100.83434489744305,104.74153471658646,116.72444171326072,129.83487601586137,116.49951407546772,121.35712606608871,123.21460730443923,123.89298011561327,100.44345368829647,96.40517826947799,106.0775257348447,103.07933579443278,106.55403977271482,117.73391131559217,114.0453158168437,120.435915663855
2018-08-01,197.52866478231707,197.52866478231707,68.22970790316596,92.80198584295562,114.674497219121,130.04307870020327,60.76454207722823,74.46498319761294,115.19472943303053,117.46728618496512,103.17876230968514,98.96925075491464,103.659613896098,99.79058374032894,110.78153955886371,128.23275770796576,100.68351598588316,112.29947993435316
2018-09-01,199.41920341544497,199.41920341544497,97.63098251164178,110.50170147230693,118.55257271882277,136.61931555995923,105.46383225007482,115.28996177176386,127.83048425293644,129.41973493459966,105.9140709310738,101.53332324035128,108.30737647333864,105.26957647345668,110.98402337044753,126.01334693243606,116.98808025054103,127.67966486516548
2018-10-01,211.95575520716898,211.95575520716898,108.280607983292,122.45173385667506,124.22787901639767,137.74195311854245,118.35051391169598,122.45689392908128,125.20995688776168,124.7932500344297,109.07778107179439,104.59478084947575,113.65932183788875,112.31802997846748,111.90254008123298,127.80883943812468,124.39196727078162,130.98925277256873
2018-11-01,220.51965526454364,220.51965526454364,99.63691135445414,115.95820990880325,127.40413161341596,142.7321928919857,107.71926030710212,120.13203247194745,122.62469506319799,123.2898884480816,112.24149121251496,107.65623845860024,115.0884168640642,112.80101099206071,110.88040110187232,117.67587388309826,123.07009082277395,132.9341300308063
2018-12-01,241.84685426664612,241.84685426664612,94.69031212695867,115.12846857656872,120.51856496078673,141.40766055891257,88.78318142991722,131.9360987883683,122.99195639275275,124.50841279239916,115.40520135323553,110.71769606772472,101.55610752537221,94.50373333163192,106.25779649800235,123.28013378640512,113.85800458695134,131.26134849624697
2019-01-01,175.66814701623522,175.66814701623522,90.14377464335027,108.32515444781708,104.77632556072642,118.70382759925366,99.27511253655656,92.41884168976458,105.51402415433354,106.3039461086945,109.6217883777066,105.1644272028445,101.7997542697059,99.6592103487257,107.51080834757134,111.04375462185241,106.41800196207335,113.05756469373323
2019-02-01,175.66814701623522,175.66814701623522,92.55152060075272,108.94465624025868,109.59701151276217,122.6869965413091,104.58668411028252,103.21421238872134,114.46664721673818,114.99630178967308,103.83837540217768,99.61115833796426,103.49576786665419,100.58945883679516,109.81760803998212,116.73692110885848,110.42959034865832,117.70472732719429
2019-03-01,261.6428015887835,261.6428015887835,107.86178777348721,126.96621589643503,122.53464783785472,140.11621350624793,114.29954914087737,122.45431788325496,141.6377167966329,146.09676800137896,98.05496242664876,94.05788947308402,120.75476769663521,118.18413109881965,111.66405707184597,133.231663558601,123.69391307151355,135.85907653418678
2019-04-01,219.5958129851704,219.5958129851704,98.67784377162845,114.91743241004696,110.61241421742044,127.51200606287358,99.73296912808776,106.27980407830448,107.15065267514242,104.72228145720284,97.08893227667681,93.31589203300774,106.69116359128024,103.93437452788436,109.27637907145598,125.21441449945448,111.92559499789277,121.96608798534596
2019-05-01,234.16919637372646,234.16919637372646,94.77955026298683,110.8144962984979,115.71233315762302,131.99363437328986,118.00628648032655,123.26163861741064,108.94092597849968,108.49239166874624,96.12290212670486,92.57389459293145,109.71969928939492,106.8994145329881,110.06370651589471,129.91224913492672,117.90103134347841,127.69580444271897
2019-06-01,261.1263504070176,261.1263504070176,98.97810482760501,122.04555481865556,108.91745457505206,126.7695567170754,108.23188793677132,121.31200439440343,117.74757425479079,118.46080607400637,95.15687197673294,91.83189715285519,111.54695773991851,108.95867668922129,111.71756874558031,133.7283409960749,114.3253185473292,126.61249532624144
2019-07-01,217.05344658519095,217.05344658519095,100.35437226335446,107.25045799741042,117.1263313479991,132.66076569396373,114.70531239968778,123.57286202548485,118.87885598822224,119.17883431433982,97.90928803427998,94.3949248409046,110.59375610028331,107.34287695327332,103.4618908814106,119.53653571596162,116.3258178696051,123.99485281329558
2019-08-01,207.81542038781956,207.81542038781956,65.47020007723657,89.19044590896407,104.34807358142625,121.12835213596288,56.24557516305547,71.77204385357038,100.93135328047046,104.47634212722464,100.66170409182699,96.95795252895398,100.10882542252293,97.8689175360359,107.73078262477395,127.97741223531365,95.82983091637256,107.69919087026724
2019-09-01,215.85383324475833,215.85383324475833,100.84990825084698,115.17440098188506,117.9095704241906,138.3593917380069,107.75509353882771,115.6415627387955,128.1979263366216,132.10287079538935,103.41412014937403,99.5209802170034,112.21203973503947,109.03288664558856,105.32883738662132,127.206964341089,119.86612283521629,131.46233345458768
2019-10-01,226.6692591036553,226.6692591036553,101.45470648880047,120.92856718399797,114.72987615831056,128.93103835787863,114.3840823342651,123.38552925256117,107.69286297748398,106.52640206634234,104.16953417943618,100.15456701535723,113.31231519399931,111.8952353460706,105.31392605746684,126.20102750832471,121.84761076674603,129.67732056086493
2019-11-01,240.95376265672166,240.95376265672166,94.55101472490914,110.23944568721572,116.87675709853468,135.20974476800166,102.94398489300855,118.30112847709104,104.249771965606,104.16205384601017,104.92494820949838,100.78815381371106,109.3459351998139,103.18083859723237,104.35687471602611,114.89003479596691,117.89557624342062,128.56394659561192
2019-12-01,262.9139971587154,262.9139971587154,93.19744534383906,119.04751612349807,113.79490800808765,135.88988721038203,85.86026112439316,135.80428535860156,119.77946383053556,120.9264334005372,105.68036223956052,101.42174061206492,101.88652622310067,94.64113074772551,101.98505808987238,124.35669979129041,112.25293340622632,133.33069382756165
2020-01-01,130.43917682136288,130.43917682136288,86.01246014270032,103.63587524106875,97.81878908238689,110.70739266072054,94.66349665333696,89.09660228528446,103.52369399000888,102.64736188797148,100.2275786220726,96.18785834262862,97.70278530808824,91.73285710616466,104.18514044877985,110.26858585628379,102.1191131124698,107.91449323853152
2020-02-01,130.43917682136288,130.43917682136288,90.14395054136422,105.72199939442379,102.98615793609899,117.3718462588427,101.78753354480564,100.42632395021766,104.62610713368342,107.33089393375889,94.77479500458469,90.95397607319232,98.21080824831212,92.56762952918187,108.21725302433273,116.89089584440268,107.51603643842778,113.59517532868077
2020-03-01,255.2379207733261,255.2379207733261,77.8576812552905,95.29814013276201,112.9015828211355,132.00480797459994,71.96928034552136,88.74013538565369,131.10900070484016,134.1775753880928,89.32201138709675,85.72009380375603,106.3818428730246,99.82508911307373,107.00526745037233,131.24138205868826,108.43158684666433,120.20822984704589
2020-04-01,241.11118222280916,241.11118222280916,50.75668043542581,64.42067630102005,81.06158083181238,93.29277707978902,50.61818072638789,55.13722866475726,95.10386763502937,92.97913385706532,85.48184190274795,82.0264800538629,61.04802221538877,57.46293549757399,90.56464267349857,108.7207497638216,77.53733341357982,83.76337171795511
2020-05-01,255.80816046314058,255.80816046314058,66.07124225383694,77.91193447467415,85.40586137021717,98.63470590329042,87.05728637174758,89.26474317065156,82.02290281580993,80.85497534261762,81.64167241839914,78.33286630396975,69.19719988021683,65.21098187836738,93.75880305383939,111.51966788178888,88.92282437003429,95.8912696366371
2020-06-01,283.3393819731943,283.3393819731943,93.60035692598657,119.4974282852663,103.70490401792385,121.93509825911524,96.53074329967248,106.59818399170324,102.57261753146776,103.87823541962744,77.80150293405032,74.6392525540766,92.05622068270392,88.21725559540523,99.29310674641445,126.6427231821814,106.52239299897666,118.92768809655163
2020-07-01,243.89221032932795,243.89221032932795,90.85890869097555,98.09875338847965,100.56521144825798,117.57117190160054,106.11442144386398,119.44330188684903,98.96055996968688,100.90370514099449,81.97651245807754,78.62926239880622,93.57001690957635,89.90024587074052,96.17649343106754,115.69806631840481,104.32221931843806,113.46615106938334
2020-08-01,233.073194075274,233.073194075274,59.31919435232168,83.00514943615893,87.59808589845322,102.2063553641665,53.78455656046867,70.06487862770287,83.11347519470407,86.07201891646643,86.15152198210474,82.61927224353585,86.24439516132107,81.62951007803409,101.36214159174145,121.34069479803688,86.02973198880558,94.9962018529843
2020-09-01,244.0746989843769,244.0746989843769,94.9968367206336,111.69625387603078,108.99229007991336,128.79815639079828,101.57854084155254,115.12397300855677,105.96142788227282,110.131180584405,90.32653150613196,86.60928208826547,103.715855426322,99.95566073189637,100.58769300669148,124.76612019663546,113.50759422082871,125.92747122372967
2020-10-01,258.380615692635,258.380615692635,99.73115029200387,113.33319446676109,106.77435028844751,122.33689506141447,107.46089879265108,118.86898434127306,105.32736589625772,106.17893687219302,92.38834290635344,88.68901062015378,100.97845336978908,98.47846217265324,105.34692680486066,125.72667045007725,113.66049089970741,122.440625124551
2020-11-01,274.40195137129564,274.40195137129564,94.02185870543246,116.6192033464287,112.27960546950764,129.32568547564557,103.45388568667414,120.11083917115207,107.87680036479665,108.83108555788776,94.45015430657493,90.76873915204209,106.18379653719943,,102.84286465307544,115.02380838780488,115.62388334458791,129.53156462009477
2020-12-01,296.2438341780627,296.2438341780627,94.06727368301657,120.0317944198263,112.75551850402499,135.7206429162401,88.32397419500609,132.21393448914674,116.53075973944604,118.43325066116556,96.51196570679642,92.84846768393038,98.83914756216907,,100.70124330279077,127.77818144120845,113.3233020445081,136.69085004167468
2021-01-01,214.8430020181487,214.8430020181487,84.12957119059053,97.83116528079975,90.60821648967477,103.2067005425334,89.61769502302998,92.8845824815736,102.48657935373508,103.40419085040723,93.96259942523368,90.45194575286516,88.23691450784314,,107.05581393148178,114.20624470734083,96.64782225294579,105.77819334861779
2021-02-01,214.8430020181487,214.8430020181487,88.82794841043433,107.84732971268244,102.52010266235717,117.65651300305196,103.66083034733464,107.78130659257305,112.06777082792598,112.963085025385,91.41323314367092,88.05542382179995,98.93731961769095,,107.7079566806339,121.29215137450785,107.95710867048041,119.18963949280062
2021-03-01,309.5747516356268,309.5747516356268,109.45104154507943,129.2309490305512,123.5815902021394,147.23832786999725,117.78917302947667,134.25508082609036,143.41276240443977,147.8232259668154,88.86386686210814,85.65890189073473,125.18328286430932,,112.19364830535758,144.4576333442147,129.67728442470218,147.13959106928547
2021-04-01,282.4208314860697,282.4208314860697,93.53096881109545,115.1985544802088,108.01673392223356,125.17396821534159,109.50803154563789,116.72686988265086,116.21574342264401,115.62807837102673,89.11165645220962,86.28060509954288,104.65210059187986,,112.57220472801447,135.0975345321983,114.12774369756526,127.18772155824715
2021-05-01,291.5216874814704,291.5216874814704,86.4430782104433,103.00808159006287,102.87869914399786,122.56357338513884,111.91493882640805,127.35124512075538,102.7904210925379,104.4254399983423,89.35944604231108,86.90230830835105,103.07197450494242,,112.18773603191993,135.0787903712134,112.07368775005442,126.49686769183356
2021-06-01,321.74242528838903,321.74242528838903,107.2743367973818,135.65063091207838,115.55829693791819,139.04371063131208,111.8878879017934,134.81993903526055,128.91902042675878,131.82152149195988,89.60723563241255,87.52401151715921,116.74042918301684,,112.80894823889193,148.62930360928792,125.12315662691591,144.39642591557723
2021-07-01,264.0327435766052,264.0327435766052,95.32444372916318,101.02370735936239,110.68018385689875,130.89549629992464,113.5650853127816,131.02265021148688,119.57878806452578,121.6814051798609,93.28613655701932,91.14137777792145,105.42609885850678,,107.92766761191905,133.57400949008334,116.18822917120055,128.83681981532254
2021-08-01,253.72306874336013,253.72306874336013,63.8562684686615,90.60733278780314,100.88084437728429,119.08901321397317,61.33870206261745,80.6729253403708,103.19587261853246,107.63883478722049,96.96503748162608,94.75874403868367,99.2833830172106,,110.15355539789277,141.82825380222465,98.24270265679475,110.68321200761706
2021-09-01,259.00049607959113,259.00049607959113,101.85635533477115,118.18753454061957,115.04361110952111,142.35417940296483,112.37752116594913,132.62110207621492,123.2677051604605,124.17674505735097,100.64393840623283,98.37611029944593,115.83377119625995,,109.16645554309572,147.4507007017716,124.95165439234901,142.71976022346018
2021-10-01,269.7944315757368,269.7944315757368,97.34825515725994,116.87012445060562,108.42050672301593,129.55565179517896,108.1162286538661,127.27089335280388,114.03017772072053,114.95110798149585,102.6639685902121,100.52380313017152,99.13583757570103,,111.57071904741971,141.63315834746797,117.33209184882875,132.06002345404545
2021-11-01,291.5200300755488,291.5200300755488,94.29278348481982,116.35766561874813,115.95155995933561,141.7590682370916,111.35024907475514,136.24968532590916,121.8233905019584,123.82017614961232,104.68399877419135,102.67149596089712,109.8569721371053,,109.65429956157135,134.27067332434262,123.98756568485719,143.05313433025546
2021-12-01,310.76318288784324,310.76318288784324,100.5657440669926,134.58950409937648,118.10328098474655,149.36428608567502,94.00682643919674,150.4827348999895,127.77173505445602,131.02970345194126,106.70402895817061,104.81918879162275,101.2735442528082,,107.04076588908151,148.5903710209505,123.07665886083102,150.04692189799522
2022-01-01,235.95612934138165,235.95612934138165,85.74350279916558,108.15632035449529,94.55061008547844,120.35340259884359,86.85100789956266,101.25827713711666,110.46018068403463,110.82353204055829,103.49926026575272,101.7015703263142,95.00354079937405,,111.05213316101319,129.5657981877087,103.19982688880296,120.33809491874209
2022-02-01,235.95612934138165,235.95612934138165,90.60353963559763,117.71576961959701,103.98791635184762,129.38367614125048,106.58375828225327,120.95653836550714,117.87963080108813,118.30023154594612,100.29449157333487,98.58395186100567,98.45841223408314,,116.33632718050126,138.5603304483589,113.50063523479368,131.50012602699624
2022-03-01,329.4133674902244,329.4133674902244,107.8435475674985,136.85872019062236,121.30811901438562,151.2013140116648,124.6379662720691,153.6451415040828,152.00056118736876,156.40063426867158,97.08972288091698,95.46633339569715,121.99391513381833,,117.65403803843078,165.92621694792717,133.13300955497718,158.05562222846615
2022-04-01,267.37314541334797,267.37314541334797,87.69810963977972,116.5287382782966,99.52220537706867,127.02286885768937,103.55669049799876,128.73330500967262,114.26232769813406,115.01204920651008,,,95.26650212870953,,116.96104718313195,,112.90221494610168,134.93551000014023
